station_name,station_wmo,observation_time_utc,observation_time_local,latitude,longitude,air_temp_c,apparent_temp_c,dewpoint_c,relative_humidity_pct,pressure_hpa,wind_direction,wind_speed_kmh,wind_gust_kmh,rainfall_mm,cloud
Melbourne Airport,94866,20260317070000,20260317180000,-37.7,144.8,19.1,17.0,14.6,75,1019.3,S,19,26,1.0,Mostly clear
Melbourne Airport,94866,20260317063000,20260317173000,-37.7,144.8,19.7,17.8,14.3,71,1019.1,SSE,17,24,1.0,Partly cloudy
Melbourne Airport,94866,20260317060000,20260317170000,-37.7,144.8,19.6,17.5,14.6,73,1019.0,S,19,26,1.0,Mostly clear
Melbourne Airport,94866,20260317053000,20260317163000,-37.7,144.8,19.5,17.1,14.5,73,1019.1,S,20,26,1.0,Mostly clear
Melbourne Airport,94866,20260317050000,20260317160000,-37.7,144.8,19.9,17.4,14.0,69,1019.1,S,20,26,1.0,Partly cloudy
Melbourne Airport,94866,20260317043000,20260317153000,-37.7,144.8,19.3,16.8,13.5,69,1019.1,SSW,19,24,1.0,Partly cloudy
Melbourne Airport,94866,20260317040000,20260317150000,-37.7,144.8,19.0,16.5,13.6,71,1019.1,S,19,26,1.0,Cloudy
Melbourne Airport,94866,20260317033000,20260317143000,-37.7,144.8,19.2,16.9,14.0,72,1019.0,S,19,28,1.0,Partly cloudy
Melbourne Airport,94866,20260317030000,20260317140000,-37.7,144.8,18.7,16.4,14.2,75,1019.0,S,19,22,1.0,Cloudy
Melbourne Airport,94866,20260317023000,20260317133000,-37.7,144.8,18.6,16.7,14.3,76,1019.1,SSW,17,24,1.0,Cloudy
Melbourne Airport,94866,20260317020000,20260317130000,-37.7,144.8,18.5,17.2,14.8,79,1019.2,S,15,19,1.0,Cloudy
Melbourne Airport,94866,20260317013900,20260317123900,-37.7,144.8,18.3,17.0,14.8,80,1019.2,S,15,19,1.0,Cloudy
Melbourne Airport,94866,20260317013000,20260317123000,-37.7,144.8,18.1,16.7,14.6,80,1019.3,S,15,20,1.0,Cloudy
Melbourne Airport,94866,20260317010000,20260317120000,-37.7,144.8,17.8,16.9,14.9,83,1019.4,S,13,17,1.0,Cloudy
Melbourne Airport,94866,20260317003000,20260317113000,-37.7,144.8,17.3,15.9,15.5,89,1019.2,S,17,22,1.0,Partly cloudy
Melbourne Airport,94866,20260317000000,20260317110000,-37.7,144.8,16.7,15.2,15.4,92,1018.9,SSE,17,20,1.0,Partly cloudy
Melbourne Airport,94866,20260316235400,20260317105400,-37.7,144.8,16.8,16.0,16.0,95,1018.8,S,15,19,1.0,Mostly clear
Melbourne Airport,94866,20260316233000,20260317103000,-37.7,144.8,16.4,15.1,15.9,97,1018.8,SSE,17,20,0.6,Partly cloudy
Melbourne Airport,94866,20260316230000,20260317100000,-37.7,144.8,16.1,15.1,15.6,97,1018.4,SSE,15,19,0.6,Cloudy
Melbourne Airport,94866,20260316223000,20260317093000,-37.7,144.8,16.5,16.8,16.0,97,1018.1,SSW,9,11,0.2,Cloudy
Melbourne Airport,94866,20260316222700,20260317092700,-37.7,144.8,16.3,16.5,15.8,97,1018.1,SSW,9,13,0.2,Cloudy
Melbourne Airport,94866,20260316220600,20260317090600,-37.7,144.8,16.3,16.1,15.8,97,1017.9,SSW,11,13,0.0,Cloudy
Melbourne Airport,94866,20260316220000,20260317090000,-37.7,144.8,16.2,16.4,15.7,97,1017.8,SSW,9,13,10.8,Cloudy
Melbourne Airport,94866,20260316213000,20260317083000,-37.7,144.8,16.3,16.1,15.8,97,1017.5,SSW,11,15,10.8,Cloudy
Melbourne Airport,94866,20260316210000,20260317080000,-37.7,144.8,16.3,16.1,15.8,97,1017.0,SW,11,13,10.8,Partly cloudy
Melbourne Airport,94866,20260316203000,20260317073000,-37.7,144.8,16.3,15.8,15.8,-10,1016.3,SSW,13,15,10.8,Cloudy
Melbourne Airport,94866,20260316200000,20260317070000,-37.7,144.8,16.4,16.3,15.9,97,1015.8,SSW,11,13,10.8,Partly cloudy
Melbourne Airport,94866,20290101120000,20290101230000,-37.7,144.8,16.5,17.2,16.0,97,1015.4,SW,7,9,10.4,Partly cloudy
Melbourne Airport,94866,20260316190000,20260317060000,-37.7,144.8,16.5,17.2,16.0,97,1014.9,SW,7,9,10.4,Cloudy
Melbourne Airport,94866,20260316184600,20260317054600,-37.7,144.8,16.6,17.6,16.3,98,1014.9,SW,6,7,10.4,Partly cloudy
Melbourne Airport,94866,20290101120000,20290101230000,-37.7,144.8,16.5,17.2,16.0,97,1014.8,SW,7,9,10.4,Partly cloudy
Melbourne Airport,94866,20260316180000,20260317050000,-37.7,144.8,16.5,17.2,16.0,97,1014.5,WSW,7,11,10.4,Cloudy
Melbourne Airport,94866,20260316173000,20260317043000,-37.7,144.8,99.9,17.2,16.0,97,1014.6,WSW,7,7,10.4,Cloudy
Melbourne Airport,94866,20260316170000,20260317040000,-37.7,144.8,16.5,16.8,16.0,97,1014.6,WSW,9,11,10.2,Cloudy
Melbourne Airport,94866,20260316163000,20260317033000,-37.7,144.8,16.4,17.0,15.9,97,1014.4,SW,7,11,10.2,Partly cloudy
Melbourne Airport,94866,20260316160000,20260317030000,-37.7,144.8,16.5,16.4,16.0,97,1014.2,SW,11,13,10.2,Cloudy
Melbourne Airport,94866,20260316153000,20260317023000,-37.7,144.8,16.6,17.3,16.1,97,1014.2,SW,7,9,10.0,Cloudy
Melbourne Airport,94866,20260316150000,20260317020000,-37.7,144.8,16.6,16.5,16.1,97,1014.5,SSW,11,13,10.0,Cloudy
Melbourne Airport,94866,20260316143000,20260317013000,-37.7,144.8,16.9,17.0,16.4,97,1014.5,SSW,11,13,10.0,Cloudy
Melbourne Airport,94866,20260316140000,20260317010000,-37.7,144.8,17.3,17.9,16.8,97,1014.6,SSW,9,11,10.0,Cloudy
Melbourne Airport,94866,20260316133900,20260317003900,-37.7,144.8,17.5,18.2,17.0,97,1014.6,SSW,9,11,10.0,Partly cloudy
Melbourne Airport,94866,20260316133000,20260317003000,-37.7,144.8,17.8,19.0,17.3,97,1014.6,SW,7,9,10.0,Cloudy
Melbourne Airport,94866,20260316132800,20260317002800,-37.7,144.8,17.8,18.9,17.2,96,1014.6,SW,7,9,10.0,Mostly clear
Melbourne Airport,94866,20260316130000,20260317000000,-37.7,144.8,17.9,18.6,17.1,95,1014.5,N,9,11,9.8,Mostly cloudy
Melbourne Airport,94866,20260316123000,20260316233000,-37.7,144.8,18.0,18.0,17.2,95,1014.7,N,13,15,9.2,Cloudy
Melbourne Airport,94866,20260316120000,20260316230000,-37.7,144.8,18.0,18.0,17.2,95,1014.6,N,13,15,9.0,Partly cloudy
Melbourne Airport,94866,20260316113000,20260316223000,-37.7,144.8,18.0,18.0,17.2,95,1014.5,N,13,15,8.8,Mostly clear
Melbourne Airport,94866,20260316110000,20260316220000,-37.7,144.8,18.0,17.6,17.2,95,1014.6,N,15,19,8.4,Mostly clear
Melbourne Airport,94866,20260316103000,20260316213000,-37.7,144.8,18.1,18.5,17.3,95,1014.5,N,11,15,7.4,Partly cloudy
Melbourne Airport,94866,20260316100000,20260316210000,-37.7,144.8,18.1,17.3,17.1,94,1014.2,N,17,22,7.4,Cloudy
Melbourne Airport,94866,20260316093000,20260316203000,-37.7,144.8,17.8,17.0,17.0,95,1013.9,NNE,17,19,7.2,Partly cloudy
Melbourne Airport,94866,20260316092900,20260316202900,-37.7,144.8,17.8,17.0,17.0,95,1013.9,NNE,17,19,7.2,Partly cloudy
Melbourne Airport,94866,20260316090000,20260316200000,-37.7,144.8,17.5,18.6,16.7,95,1013.9,N,6,7,6.2,Cloudy
Melbourne Airport,94866,20260316083000,20260316193000,-37.7,144.8,17.6,18.2,16.8,95,1013.8,NNE,9,13,4.4,Partly cloudy
Melbourne Airport,94866,20260316082900,20260316192900,-37.7,144.8,17.5,17.7,16.7,95,1013.8,NNE,11,15,4.4,Partly cloudy
Melbourne Airport,94866,20260316082500,20260316192500,-37.7,144.8,17.6,17.8,16.8,95,1013.8,NNE,11,15,4.0,Partly cloudy
Melbourne Airport,94866,20260316080000,20260316190000,-37.7,144.8,17.7,17.9,16.7,94,1013.4,ENE,11,13,3.0,Partly cloudy
Melbourne Airport,94866,20260316075000,20260316185000,-37.7,144.8,17.7,18.6,16.6,93,1013.3,ENE,7,9,2.6,Mostly clear
Melbourne Airport,94866,20260316073000,20260316183000,-37.7,144.8,17.8,18.3,16.5,92,1013.1,NNE,9,11,1.8,Partly cloudy
Melbourne Airport,94866,20260316070000,20260316180000,-37.7,144.8,18.0,18.8,16.3,90,1013.1,NW,7,9,1.2,Cloudy
Melbourne Airport,94866,20260316063000,20260316173000,-37.7,144.8,18.4,19.1,16.0,86,1013.1,W,7,11,0.2,Partly cloudy
Melbourne Airport,94866,20260316060000,20260316170000,-37.7,144.8,18.9,19.4,15.6,81,1012.7,NE,7,9,0.0,Partly cloudy
Melbourne Airport,94866,20260316053000,20260316163000,-37.7,144.8,18.9,20.3,15.4,80,1012.6,ESE,2,7,0.0,Partly cloudy
Melbourne Airport,94866,20260316051300,20260316161300,-37.7,144.8,19.0,20.1,15.5,80,1012.5,E,4,9,0.0,Partly cloudy
Melbourne Airport,94866,20260316050000,20260316160000,-37.7,144.8,19.1,20.7,14.8,76,1013.0,CALM,0,6,0.0,Partly cloudy
Melbourne Airport,94866,20260316043000,20260316153000,-37.7,144.8,19.4,19.4,15.3,77,1013.5,NE,9,11,0.0,Cloudy
Melbourne Airport,94866,20260316040000,20260316150000,-37.7,144.8,18.8,19.3,14.9,78,1014.3,SSE,6,11,0.0,Cloudy
Melbourne Airport,94866,20260316033000,20260316143000,-37.7,144.8,18.6,18.2,15.1,80,1014.4,SSE,11,15,0.0,Cloudy
Melbourne Airport,94866,20260316030000,20260316140000,-37.7,144.8,18.4,17.8,14.7,79,1015.4,SW,11,17,0.0,Partly cloudy
Melbourne Airport,94866,20260316023000,20260316133000,-37.7,144.8,18.0,17.2,15.1,83,1015.8,S,13,17,0.0,Cloudy
Melbourne Airport,94866,20260316020000,20260316130000,-37.7,144.8,17.6,16.0,14.9,84,1016.6,SSW,17,22,0.0,Cloudy
Melbourne Airport,94866,20260316013000,20260316123000,-37.7,144.8,17.3,15.2,14.8,85,1016.4,SSW,19,28,0.0,Cloudy
Melbourne Airport,94866,20260316010000,20260316120000,-37.7,144.8,17.5,14.9,15.0,85,1016.4,SSW,22,28,0.0,Cloudy
Melbourne Airport,94866,20260316003000,20260316113000,-37.7,144.8,18.1,16.1,15.0,82,1016.6,SSW,19,26,0.0,Cloudy
Melbourne Airport,94866,20260316000000,20260316110000,-37.7,144.8,17.8,17.0,15.1,84,1015.5,SSW,13,19,0.0,Cloudy
Melbourne Airport,94866,20260315233000,20260316103000,-37.7,144.8,17.3,17.8,15.1,87,1015.8,WSW,6,11,0.0,Cloudy
Melbourne Airport,94866,20260315230000,20260316100000,-37.7,144.8,17.0,16.1,14.8,87,1016.1,W,13,17,0.0,Cloudy
Melbourne Airport,94866,20260315223000,20260316093000,-37.7,144.8,16.9,17.6,14.4,85,1015.5,W,4,7,0.0,Cloudy
Melbourne Airport,94866,20260315220000,20260316090000,-37.7,144.8,16.9,16.2,14.4,85,1016.1,WSW,11,15,0.0,Cloudy
Melbourne Airport,94866,20260315213000,20260316083000,-37.7,144.8,16.7,16.7,14.3,86,1016.2,SW,7,9,0.0,Cloudy
Melbourne Airport,94866,20260315210000,20260316080000,-37.7,144.8,16.3,16.0,14.3,88,1016.2,SSW,9,11,0.0,Cloudy
Melbourne Airport,94866,20260315203000,20260316073000,-37.7,144.8,15.6,15.5,14.0,90,1016.1,SW,7,7,0.0,Partly cloudy
Melbourne Airport,94866,20260315201800,20260316071800,-37.7,144.8,15.6,15.5,14.0,90,1015.9,SSW,7,9,0.0,Partly cloudy
Melbourne Airport,94866,20260315200000,20260316070000,-37.7,144.8,15.6,15.7,13.8,89,1015.9,SW,6,7,0.0,Mostly clear
Melbourne Airport,94866,20260315193000,20260316063000,-37.7,144.8,15.6,15.6,13.6,88,1016.0,WSW,6,9,0.0,Mostly clear
Melbourne Airport,94866,20260315190000,20260316060000,-37.7,144.8,16.1,17.3,13.9,87,1015.8,CALM,0,0,0.0,Cloudy
Melbourne Airport,94866,20260315183000,20260316053000,-37.7,144.8,16.1,17.4,14.1,88,1015.9,CALM,0,0,0.0,Cloudy
Melbourne Airport,94866,20260315180000,20260316050000,-37.7,144.8,15.8,15.9,13.8,88,1016.4,W,6,7,0.0,Mostly clear
Melbourne Airport,94866,20260315173000,20260316043000,-37.7,144.8,15.9,17.1,13.7,87,1016.6,CALM,0,0,0.0,Partly cloudy
,,20260315170000,20260316040000,-37.7,144.8,16.0,15.9,13.8,87,1017.0,WNW,7,9,0.0,Mostly clear
Melbourne Airport,94866,20260315163000,20260316033000,-37.7,144.8,16.2,16.1,13.9,86,1017.3,WNW,7,7,0.0,Partly cloudy
Melbourne Airport,94866,20260315160000,20260316030000,-37.7,144.8,16.3,16.2,14.0,86,1017.9,WNW,7,9,0.0,Cloudy
Melbourne Airport,94866,20260315153000,20260316023000,-37.7,144.8,16.7,16.3,14.2,85,1018.4,WSW,9,9,0.0,Cloudy
Melbourne Airport,94866,20260315150000,20260316020000,-37.7,144.8,16.6,16.2,14.1,85,1018.7,SW,9,11,0.0,Cloudy
Melbourne Airport,94866,20260315143000,20260316013000,-37.7,144.8,16.7,15.9,14.0,84,1019.2,WSW,11,15,0.0,Cloudy
Melbourne Airport,94866,20260315140000,20260316010000,-37.7,144.8,,,14.1,84,1019.3,SW,11,15,0.0,Cloudy
Melbourne Airport,94866,20260315133000,20260316003000,-37.7,144.8,16.9,16.2,14.2,84,1019.4,SW,11,15,0.0,Cloudy
Melbourne Airport,94866,20260315130000,20260316000000,-37.7,144.8,17.0,16.3,14.3,84,1019.5,SW,11,15,0.0,Cloudy
Melbourne Airport,94866,20260315123000,20260315233000,-37.7,144.8,16.9,16.2,14.4,85,1019.7,WSW,11,13,0.0,Cloudy
Melbourne Airport,94866,20260315120000,20260315230000,-37.7,144.8,17.2,16.2,14.5,84,1020.2,WSW,13,15,0.0,Cloudy
Melbourne Airport,94866,20260315113000,20260315223000,-37.7,144.8,17.3,15.5,14.4,83,1020.4,SW,17,20,0.0,Cloudy
Melbourne Airport,94866,20260315110000,20260315220000,-37.7,144.8,17.5,15.4,14.6,83,1020.8,SW,19,26,0.0,Cloudy
Melbourne Airport,94866,20260315103000,20260315213000,-37.7,144.8,17.5,15.2,14.6,83,1020.2,SW,20,28,0.0,Partly cloudy
Melbourne Airport,94866,20260315100900,20260315210900,-37.7,144.8,17.8,15.7,14.7,82,1020.4,SW,19,28,0.0,Partly cloudy
Melbourne Airport,94866,20260315100000,20260315210000,-37.7,144.8,,,14.6,81,1020.0,SW,19,24,0.0,Cloudy
Melbourne Airport,94866,20260315093000,20260315203000,-37.7,144.8,18.4,16.2,14.3,77,1019.8,SW,19,26,0.0,-
Melbourne Airport,94866,20260315090000,20260315200000,-37.7,144.8,20.0,17.7,14.1,69,1019.6,SW,19,28,0.0,-
Melbourne Airport,94866,20260315083000,20260315193000,-37.7,144.8,21.3,19.8,13.2,60,1018.7,S,13,17,0.0,-
Melbourne Airport,94866,20260315080000,20260315190000,-37.7,144.8,21.9,20.2,13.5,59,1018.8,S,15,19,0.0,-
Melbourne Airport,94866,20260315073000,20260315183000,-37.7,144.8,22.6,21.2,13.4,56,1018.5,S,13,17,0.0,-
Melbourne Airport,94866,20260315070000,20260315180000,-37.7,144.8,23.7,22.1,12.7,50,1018.2,S,13,15,0.0,Mostly cloudy
Melbourne Airport,94866,20260315063000,20260315173000,-37.7,144.8,24.6,22.9,12.5,46,1017.8,SSW,13,17,0.0,-
Melbourne Airport,94866,20260315060000,20260315170000,-37.7,144.8,26.2,23.6,10.8,38,1017.7,S,15,20,0.0,-
Melbourne Airport,94866,20260315053000,20260315163000,-37.7,144.8,26.4,23.7,12.8,43,1017.9,SSW,19,26,0.0,-
Melbourne Airport,94866,20260315050000,20260315160000,-37.7,144.8,75.3,23.3,12.1,40,1017.8,S,22,33,0.0,-
Melbourne Airport,94866,20260315043000,20260315153000,-37.7,144.8,30.2,26.1,8.0,25,1018.0,NNE,19,33,0.0,-
Melbourne Airport,94866,20260315040000,20260315150000,-37.7,144.8,28.0,27.1,10.7,34,1018.7,ESE,6,11,0.0,Mostly clear
Melbourne Airport,94866,20260315033000,20260315143000,-37.7,144.8,28.3,26.4,9.1,30,1019.0,SE,9,24,0.0,-
Melbourne Airport,94866,20260315030000,20260315140000,-37.7,144.8,28.1,26.0,9.9,32,1019.5,SE,11,15,0.0,-
Melbourne Airport,94866,20260315023000,20260315133000,-37.7,144.8,27.7,25.1,9.5,32,1020.1,SSE,13,19,0.0,-
Melbourne Airport,94866,20260315020000,20260315130000,-37.7,144.8,27.2,25.1,11.3,37,1020.8,SSE,13,17,0.0,-
Melbourne Airport,94866,20260315013000,20260315123000,-37.7,144.8,25.1,23.8,11.3,42,1021.4,SSE,9,17,0.0,-
Melbourne Airport,94866,20260315010000,20260315120000,-37.7,144.8,23.6,21.8,12.0,48,1021.8,SSE,13,17,0.0,-
Melbourne Airport,94866,20260315003000,20260315113000,-37.7,144.8,22.3,20.8,12.0,52,1022.0,SSE,11,15,0.0,-
Melbourne Airport,94866,20260315000000,20260315110000,-37.7,144.8,21.5,20.1,12.1,55,1022.3,SE,11,15,0.0,-
Melbourne Airport,94866,20260314233000,20260315103000,-37.7,144.8,18.5,16.9,11.6,64,1022.6,S,11,15,0.0,-
Melbourne Airport,94866,20260314230000,20260315100000,-37.7,144.8,18.6,17.6,10.9,61,1022.5,SE,7,11,0.0,-
Melbourne Airport,94866,20260314223000,20260315093000,-37.7,144.8,16.8,15.3,10.4,66,1022.8,NNE,9,13,0.0,-
Melbourne Airport,94866,20260314220000,20260315090000,-37.7,144.8,15.2,13.3,10.4,73,1022.8,NNE,11,13,0.0,-
Melbourne Airport,94866,20260314213000,20260315083000,-37.7,144.8,13.0,10.5,9.8,81,1022.8,NNE,13,15,0.0,-
Melbourne Airport,94866,20260314210000,20260315080000,-37.7,144.8,12.1,8.8,9.7,85,1022.7,N,17,19,0.0,-
Melbourne Airport,94866,20260314203000,20260315073000,-37.7,144.8,10.8,7.7,8.9,88,1022.8,N,15,17,0.0,-
Melbourne Airport,94866,20260314200000,20260315070000,-37.7,144.8,10.2,7.5,8.8,91,1022.7,N,13,17,0.0,-
Melbourne Airport,94866,20260314193000,20260315063000,-37.7,144.8,9.9,8.2,8.5,91,1022.5,N,7,15,0.0,-
Melbourne Airport,94866,20260314190000,20260315060000,-37.7,144.8,9.9,7.9,8.5,91,1022.4,N,9,13,0.0,-
Melbourne Airport,94866,20260314183000,20260315053000,-37.7,144.8,10.2,7.1,9.0,92,1022.2,N,15,17,0.0,-
Melbourne Airport,94866,20260314180000,20260315050000,-37.7,144.8,10.5,9.9,9.1,91,1022.4,N,2,7,0.0,-
Melbourne Airport,94866,20260314173000,20260315043000,-37.7,144.8,10.9,8.3,9.5,91,1022.2,N,13,15,0.0,-
Melbourne Airport,94866,20260314170000,20260315040000,-37.7,144.8,11.1,8.6,9.7,91,1022.5,N,13,15,0.0,-
Melbourne Airport,94866,20260314163000,20260315033000,-37.7,144.8,11.9,9.9,10.3,90,1022.8,N,11,13,0.0,-
Melbourne Airport,94866,20260314160000,20260315030000,-37.7,144.8,11.9,9.3,10.8,93,1023.0,N,15,17,0.0,-
Melbourne Airport,94866,20260314153000,20260315023000,-37.7,144.8,11.4,9.8,10.1,92,1023.5,N,9,13,0.0,-
Melbourne Airport,94866,20290101120000,20290101230000,-37.7,144.8,11.7,10.1,10.3,91,1024.0,N,9,11,0.0,-
Melbourne Airport,94866,20260314143000,20260315013000,-37.7,144.8,11.6,9.1,9.7,88,1024.3,NNE,13,15,0.0,-
Melbourne Airport,94866,20260314140000,20260315010000,-37.7,144.8,12.3,10.8,10.5,89,1024.6,WNW,9,11,0.0,-
Melbourne Airport,94866,20260314133000,20260315003000,-37.7,144.8,12.5,11.0,10.6,88,1024.9,NW,9,11,0.0,-
Melbourne Airport,94866,20260314130000,20260315000000,-37.7,144.8,12.8,11.0,11.0,89,1024.9,WNW,11,13,0.0,-
Melbourne Airport,94866,20260314123000,20260314233000,-37.7,144.8,13.1,11.7,11.0,87,1024.9,WNW,9,11,0.0,-
Melbourne Airport,94866,20260314120000,20260314230000,-37.7,144.8,13.1,11.6,10.6,85,1025.0,W,9,11,0.0,-
Melbourne Airport,94866,20260314113000,20260314223000,-37.7,144.8,13.2,11.2,10.2,82,1025.4,W,11,13,0.0,-
Melbourne Airport,94866,20260314110000,20260314220000,-37.7,144.8,14.9,13.6,11.3,79,1025.4,WSW,9,9,0.0,-
Melbourne Airport,94866,20260314103000,20260314213000,-37.7,144.8,15.4,14.1,11.4,77,1025.4,SW,9,11,0.0,-
Melbourne Airport,94866,20260314100000,20260314210000,-37.7,144.8,16.0,14.8,11.6,75,1025.2,SW,9,11,0.0,-
Melbourne Airport,94866,20260314093000,20260314203000,-37.7,144.8,16.8,15.6,11.7,72,1025.1,SSW,9,13,0.0,-
Melbourne Airport,94866,20260314090000,20260314200000,-37.7,144.8,18.1,16.2,11.7,66,1024.9,SSW,13,17,0.0,-
Melbourne Airport,94866,20260314083000,20260314193000,-37.7,144.8,19.1,16.3,11.4,61,1025.0,SSW,17,24,0.0,-
Melbourne Airport,94866,20260314080000,20260314190000,-37.7,144.8,20.1,17.3,11.3,57,1024.8,SSW,17,24,0.0,-
Melbourne Airport,94866,20260314073000,20260314183000,-37.7,144.8,20.7,16.9,11.1,54,1024.6,S,22,28,0.0,-
Avalon,94854,20260317070000,20260317180000,-38.0,144.5,18.2,15.4,13.3,73,1019.8,SSE,20,26,0.2,Cloudy
Avalon,94854,20260317063000,20260317173000,-38.0,144.5,18.3,15.8,13.6,74,1019.6,SSE,19,26,0.2,Cloudy
Avalon,94854,20260317060000,20260317170000,-38.0,144.5,18.7,16.7,13.8,73,1019.3,SE,17,22,0.2,Partly cloudy
Avalon,94854,20260317053000,20260317163000,-38.0,144.5,19.1,17.3,14.4,74,1019.3,ESE,17,20,0.2,Partly cloudy
Avalon,94854,20260317050000,20260317160000,-38.0,144.5,18.8,16.9,14.3,75,1019.3,SSE,17,22,0.2,Partly cloudy
Avalon,94854,20260317043000,20260317153000,-38.0,144.5,18.7,17.1,15.0,79,1019.4,SSE,17,20,0.2,Partly cloudy
Avalon,94854,20260317040000,20260317150000,-38.0,144.5,18.5,16.4,14.8,79,1019.5,S,19,22,0.2,Cloudy
Avalon,94854,20260317034500,20260317144500,-38.0,144.5,18.8,16.6,14.9,78,1019.4,S,20,26,0.2,Partly cloudy
Avalon,94854,20260317033200,20260317143200,-38.0,144.5,19.0,16.9,15.3,79,1019.4,S,20,26,0.2,Partly cloudy
Avalon,94854,20260317033000,20260317143000,-38.0,144.5,18.9,16.7,15.0,78,1019.4,S,20,26,0.2,Partly cloudy
Avalon,94854,20260317030000,20260317140000,-38.0,144.5,18.3,15.4,15.0,81,1019.4,S,24,32,0.2,Partly cloudy
Avalon,94854,20260317023000,20260317133000,-38.0,144.5,19.1,17.4,14.6,75,1019.3,S,17,22,0.2,Partly cloudy
Avalon,94854,20260317020000,20260317130000,-38.0,144.5,18.3,17.3,14.6,79,1019.5,S,13,17,0.2,Cloudy
Avalon,94854,20260317013000,20260317123000,-38.0,144.5,18.0,17.1,14.9,82,1019.7,S,13,17,0.2,Cloudy
Avalon,94854,20260317011700,20260317121700,-38.0,144.5,17.8,17.0,15.2,85,1019.7,S,13,17,0.2,Mostly clear
Avalon,94854,20260317010000,20260317120000,-38.0,144.5,17.5,16.9,15.7,89,1019.7,S,13,19,0.2,Cloudy
Avalon,94854,20260317003000,20260317113000,-38.0,144.5,16.7,15.7,15.6,93,1019.6,S,15,17,0.2,Partly cloudy
Avalon,94854,20260317000000,20260317110000,-38.0,144.5,16.8,17.3,15.5,92,1019.2,SE,7,11,0.2,Partly cloudy
Avalon,94854,20260316233600,20260317103600,-38.0,144.5,16.8,16.9,15.5,92,1019.1,SE,9,13,0.2,Partly cloudy
Avalon,94854,20260316233000,20260317103000,-38.0,144.5,16.8,17.0,15.7,93,1019.0,SE,9,11,0.2,Partly cloudy
Avalon,94854,20260316232400,20260317102400,-38.0,144.5,16.6,17.1,15.5,93,1019.0,SE,7,11,0.2,Partly cloudy
Avalon,94854,20260316230000,20260317100000,-38.0,144.5,16.2,15.8,15.1,93,1018.7,SSE,11,13,0.0,Mostly clear
Avalon,94854,20260316225600,20260317095600,-38.0,144.5,16.2,15.8,15.1,93,1018.7,SSE,11,17,0.0,Mostly clear
Avalon,94854,20260316223000,20260317093000,-38.0,144.5,16.2,15.8,15.1,93,1018.4,S,11,13,0.0,Mostly clear
Avalon,94854,20260316220700,20260317090700,-38.0,144.5,16.1,15.7,15.1,94,1018.1,S,11,13,0.0,Cloudy
Avalon,94854,20260316220000,20260317090000,-38.0,144.5,16.0,15.5,15.0,94,1018.0,SSE,11,15,9.2,Cloudy
Avalon,94854,20260316213600,20260317083600,-38.0,144.5,15.9,15.5,15.3,96,1017.7,SSE,11,15,9.2,Mostly clear
Avalon,94854,20260316213000,20260317083000,-38.0,144.5,15.8,15.0,15.2,96,1017.7,SSE,13,17,9.2,Partly cloudy
Avalon,94854,20260316210000,20260317080000,-38.0,144.5,15.8,15.0,15.2,96,1017.1,SSE,13,15,9.0,Partly cloudy
Avalon,94854,20260316203700,20260317073700,-38.0,144.5,15.9,15.5,15.3,96,1016.8,S,11,15,9.0,Partly cloudy
Avalon,94854,20260316203000,20260317073000,-38.0,144.5,15.9,15.9,15.3,96,1016.7,S,9,15,9.0,Partly cloudy
Avalon,94854,20260316202300,20260317072300,-38.0,144.5,15.9,15.9,15.3,96,1016.5,S,9,13,8.8,Partly cloudy
Avalon,94854,20260316200000,20260317070000,-38.0,144.5,15.9,15.5,15.3,96,1016.1,SSE,11,15,8.8,Partly cloudy
Avalon,94854,20260316195700,20260317065700,-38.0,144.5,15.9,15.9,15.3,96,1016.0,SSE,9,15,8.8,Partly cloudy
Avalon,94854,20260316193800,20260317063800,-38.0,144.5,16.0,16.1,15.4,96,1015.8,S,9,11,8.8,Partly cloudy
Avalon,94854,20260316193000,20260317063000,-38.0,144.5,16.0,15.7,15.4,96,1015.7,SSW,11,15,8.6,Partly cloudy
Avalon,94854,20260316190400,20260317060400,-38.0,144.5,16.0,15.7,15.4,96,1015.3,SSW,11,15,8.6,Partly cloudy
Avalon,94854,20260316190000,20260317060000,-38.0,144.5,16.1,15.8,15.5,96,1015.2,SSW,11,13,8.6,Cloudy
Avalon,94854,20260316184900,20260317054900,-38.0,144.5,16.1,16.2,15.5,96,1015.1,SSW,9,13,8.6,Partly cloudy
Avalon,94854,20260316183000,20260317053000,-38.0,144.5,16.0,16.1,15.4,96,1014.9,SSW,9,11,8.6,Partly cloudy
Avalon,94854,20260316180000,20260317050000,-38.0,144.5,16.1,16.6,15.5,96,1014.7,SSW,7,9,8.4,Partly cloudy
Avalon,94854,20260316173000,20260317043000,-38.0,144.5,16.1,16.6,15.5,96,1014.7,SSW,7,9,8.2,Partly cloudy
Avalon,94854,20260316170000,20260317040000,-38.0,144.5,16.1,16.6,15.5,96,1014.5,S,7,9,8.2,Partly cloudy
Avalon,94854,20260316163000,20260317033000,-38.0,144.5,16.0,16.4,15.4,96,1014.6,SSW,7,9,8.0,Cloudy
Avalon,94854,20260316160000,20260317030000,-38.0,144.5,16.1,16.6,15.5,96,1014.5,SSW,7,9,7.8,Cloudy
Avalon,94854,20260316155400,20260317025400,-38.0,144.5,16.0,16.4,15.4,96,1014.5,S,7,9,7.8,Partly cloudy
Avalon,94854,20260316153000,20260317023000,-38.0,144.5,16.0,16.1,15.4,96,1014.4,S,9,11,7.8,Cloudy
Avalon,94854,20260316151400,20260317021400,-38.0,144.5,16.0,15.7,15.4,96,1014.4,SSE,11,13,7.8,Mostly clear
Avalon,94854,20260316150000,20260317020000,-38.0,144.5,16.0,15.7,15.4,96,1014.5,SSE,11,13,7.8,Partly cloudy
Avalon,94854,20260316143000,20260317013000,-38.0,144.5,16.4,16.2,15.8,96,1014.6,S,11,15,7.8,Cloudy
Avalon,94854,20260316140000,20260317010000,-38.0,144.5,16.4,16.6,15.8,96,1014.7,SSW,9,13,7.6,Cloudy
Avalon,94854,20260316134600,20260317004600,-38.0,144.5,16.4,16.2,15.8,96,1014.7,S,11,15,7.4,Partly cloudy
Avalon,94854,20260316133000,20260317003000,-38.0,144.5,16.4,15.9,15.8,96,1014.6,S,13,15,7.4,Partly cloudy
Avalon,94854,20260316132700,20260317002700,-38.0,144.5,16.4,15.9,15.8,96,1014.6,S,13,15,7.4,Partly cloudy
Avalon,94854,20260316130000,20260317000000,-38.0,144.5,16.5,16.0,15.9,96,1014.8,SSW,13,15,7.2,Cloudy
Avalon,94854,20260316123000,20260316233000,-38.0,144.5,16.5,16.0,15.9,96,1014.8,SW,13,15,7.0,Partly cloudy
Avalon,94854,20260316120000,20260316230000,-38.0,144.5,16.6,16.5,16.0,96,1014.7,SW,11,17,6.8,Partly cloudy
Avalon,94854,20260316113000,20260316223000,-38.0,144.5,16.7,16.6,15.9,95,1014.7,SSW,11,15,6.4,Partly cloudy
Avalon,94854,20260316111400,20260316221400,-38.0,144.5,16.7,16.6,15.9,95,1014.7,SSW,11,15,6.2,Cloudy
Avalon,94854,20260316110000,20260316220000,-38.0,144.5,16.8,16.7,16.0,95,1014.7,SSW,11,13,6.2,Cloudy
Avalon,94854,20260316103000,20260316213000,-38.0,144.5,16.8,17.1,16.0,95,1014.6,SSW,9,11,6.2,Cloudy
Avalon,94854,20260316100000,20260316210000,-38.0,144.5,16.8,17.5,16.0,95,1014.0,SSE,7,9,6.2,Cloudy
Avalon,94854,20260316093000,20260316203000,-38.0,144.5,16.8,16.6,15.8,94,1014.0,SSW,11,15,6.0,Cloudy
Avalon,94854,20260316090000,20260316200000,-38.0,144.5,16.9,17.2,15.9,94,1013.9,SSW,9,11,6.0,Cloudy
Avalon,94854,20260316083000,20260316193000,-38.0,144.5,16.9,18.1,15.9,94,1013.6,S,4,7,5.6,Mostly clear
Avalon,94854,20260316080100,20260316190100,-38.0,144.5,,,15.9,93,1013.4,S,9,11,5.4,Partly cloudy
Avalon,94854,20260316080000,20260316190000,-38.0,144.5,17.1,17.8,16.0,93,1013.4,S,7,9,5.4,Partly cloudy
Avalon,94854,20260316073000,20260316183000,-38.0,144.5,17.2,19.2,15.9,92,1013.2,CALM,0,0,4.8,Partly cloudy
Avalon,94854,20260316070000,20260316180000,-38.0,144.5,17.3,19.2,15.8,91,1013.3,CALM,0,0,3.8,Cloudy
Avalon,94854,20260316063000,20260316173000,-38.0,144.5,17.4,18.0,15.9,91,1012.8,E,7,9,3.4,Partly cloudy
Avalon,94854,20260316060000,20260316170000,-38.0,144.5,17.5,18.1,15.8,-10,1012.8,SSE,7,9,2.8,Mostly clear
Avalon,94854,20260316055800,20260316165800,-38.0,144.5,17.6,18.3,16.1,91,1012.8,SSE,7,9,2.8,Mostly clear
Avalon,94854,20260316053000,20260316163000,-38.0,144.5,17.7,19.7,15.9,89,1013.0,CALM,0,6,2.6,Partly cloudy
Avalon,94854,20260316050000,20260316160000,-38.0,144.5,17.8,18.5,16.1,90,1013.4,ENE,7,11,2.2,Partly cloudy
Avalon,94854,20260316043000,20260316153000,-38.0,144.5,17.5,17.7,15.7,89,1013.8,ENE,9,11,2.2,Partly cloudy
Avalon,94854,20260316040000,20260316150000,-38.0,144.5,17.4,17.2,15.6,89,1013.9,E,11,15,2.0,Cloudy
Avalon,94854,20260316033000,20260316143000,-38.0,144.5,17.5,16.7,16.2,92,1013.2,SE,15,24,1.8,Partly cloudy
Avalon,94854,20260316032900,20260316142900,-38.0,144.5,17.3,16.4,15.8,91,1013.4,ESE,15,22,1.8,Partly cloudy
Avalon,94854,20260316030000,20260316140000,-38.0,144.5,17.2,16.6,15.7,91,1015.5,SSE,13,15,1.6,Partly cloudy
Avalon,94854,20260316023000,20260316133000,-38.0,144.5,17.2,16.6,15.7,91,1016.0,S,13,17,1.2,Partly cloudy
,,20260316020000,20260316130000,-38.0,144.5,17.1,16.1,15.6,91,1016.2,S,15,17,0.8,Partly cloudy
Avalon,94854,20260316014400,20260316124400,-38.0,144.5,17.2,16.5,15.5,90,1016.3,S,13,17,0.2,Partly cloudy
Avalon,94854,20260316013000,20260316123000,-38.0,144.5,17.2,16.5,15.4,89,1016.7,S,13,17,0.0,Partly cloudy
Avalon,94854,20260316010000,20260316120000,-38.0,144.5,17.2,16.3,14.8,86,1016.9,SSE,13,17,0.0,Cloudy
Avalon,94854,20260316003700,20260316113700,-38.0,144.5,17.1,15.1,14.9,87,1016.7,SSE,19,24,0.0,Mostly clear
Avalon,94854,20260316003000,20260316113000,-38.0,144.5,17.1,14.9,14.9,87,1017.0,S,20,24,0.0,Partly cloudy
Avalon,94854,20260316000000,20260316110000,-38.0,144.5,17.1,14.3,14.4,84,1016.8,S,22,26,0.0,Cloudy
Avalon,94854,20260315233000,20260316103000,-38.0,144.5,17.6,15.4,14.5,82,1016.9,S,19,24,0.0,Cloudy
Avalon,94854,20260315230000,20260316100000,-38.0,144.5,17.6,16.2,14.5,82,1016.6,SSE,15,19,0.0,Cloudy
Avalon,94854,20260315223000,20260316093000,-38.0,144.5,17.5,15.4,14.6,83,1015.9,SE,19,24,0.0,Cloudy
Avalon,94854,20260315220000,20260316090000,-38.0,144.5,17.0,14.6,14.3,84,1015.7,SE,20,28,0.0,Cloudy
Avalon,94854,20260315213000,20260316083000,-38.0,144.5,17.1,13.9,14.2,83,1016.2,SSE,24,32,0.0,Cloudy
Avalon,94854,20260315210000,20260316080000,-38.0,144.5,-55.0,14.5,14.5,84,1016.3,SSE,22,28,0.0,Cloudy
Avalon,94854,20260315205800,20260316075800,-38.0,144.5,17.2,14.5,14.5,84,1016.3,SSE,22,28,0.0,Cloudy
Avalon,94854,20260315203000,20260316073000,-38.0,144.5,17.3,15.2,14.6,84,1016.4,SSE,19,24,0.0,Partly cloudy
Avalon,94854,20260315201700,20260316071700,-38.0,144.5,17.2,15.4,14.5,84,1016.2,SSE,17,22,0.0,Cloudy
Avalon,94854,20260315200000,20260316070000,-38.0,144.5,17.3,16.0,14.8,85,1016.3,S,15,19,0.0,Cloudy
Avalon,94854,20260315194200,20260316064200,-38.0,144.5,17.1,16.1,14.6,85,1016.3,S,13,17,0.0,Partly cloudy
Avalon,94854,20260315193100,20260316063100,-38.0,144.5,16.9,15.9,14.5,86,1016.0,S,13,19,0.0,Mostly clear
Avalon,94854,20260315193000,20260316063000,-38.0,144.5,16.9,15.9,14.5,86,1016.0,S,13,19,0.0,Mostly clear
Avalon,94854,20260315190000,20260316060000,-38.0,144.5,16.3,15.7,13.6,84,1016.3,SSW,9,13,0.0,Cloudy
Avalon,94854,20260315184500,20260316054500,-38.0,144.5,16.2,15.6,13.5,84,1016.5,SW,9,11,0.0,Partly cloudy
Avalon,94854,20260315183000,20260316053000,-38.0,144.5,16.0,15.3,13.3,84,1016.4,WSW,9,11,0.0,Partly cloudy
Avalon,94854,20260315180000,20260316050000,-38.0,144.5,16.2,16.2,13.5,84,1015.9,NE,6,7,0.0,Partly cloudy
Avalon,94854,20260315173000,20260316043000,-38.0,144.5,16.1,15.8,13.4,84,1016.6,N,7,9,0.0,Mostly clear
Avalon,94854,20260315170000,20260316040000,-38.0,144.5,15.9,15.6,13.2,84,1017.0,NW,7,7,0.0,Mostly clear
Avalon,94854,20260315163000,20260316033000,-38.0,144.5,15.8,16.5,13.3,85,1017.2,NW,2,7,0.0,Mostly clear
Avalon,94854,20260315160000,20260316030000,-38.0,144.5,15.9,17.0,13.4,85,1017.6,CALM,0,0,0.0,Cloudy
Avalon,94854,20260315153000,20260316023000,-38.0,144.5,16.0,17.2,13.7,86,1018.1,CALM,0,0,0.0,-
Avalon,94854,20260315150000,20260316020000,-38.0,144.5,16.1,16.0,13.4,84,1018.7,SE,6,7,0.0,-
Avalon,94854,20260315143000,20260316013000,-38.0,144.5,16.5,15.9,13.6,83,1018.8,SE,9,11,0.0,Partly cloudy
Avalon,94854,20260315140000,20260316010000,-38.0,144.5,16.9,16.3,13.6,81,1019.7,SSW,9,15,0.0,Partly cloudy
Avalon,94854,20260315133000,20260316003000,-38.0,144.5,16.8,15.8,13.5,81,1019.4,SSE,11,15,0.0,Partly cloudy
Avalon,94854,20260315130600,20260316000600,-38.0,144.5,16.8,15.8,13.5,81,1019.9,S,11,13,0.0,Partly cloudy
Avalon,94854,20260315130000,20260316000000,-38.0,144.5,16.9,16.3,13.6,81,1020.0,S,9,13,0.0,Cloudy
Avalon,94854,20260315123000,20260315233000,-38.0,144.5,16.9,16.3,13.6,81,1020.2,S,9,11,0.0,Cloudy
Avalon,94854,20260315120600,20260315230600,-38.0,144.5,16.8,17.2,13.7,82,1020.3,S,4,9,0.0,Partly cloudy
Avalon,94854,20260315120000,20260315230000,-38.0,144.5,16.7,16.5,13.6,82,1020.3,SSE,7,11,0.0,Partly cloudy
Avalon,94854,20260315113000,20260315223000,-38.0,144.5,16.9,16.0,13.6,81,1020.3,SE,11,15,0.0,-
Avalon,94854,20260315110000,20260315220000,-38.0,144.5,17.1,15.8,13.6,80,1020.6,S,13,17,0.0,Partly cloudy
Avalon,94854,20260315103700,20260315213700,-38.0,144.5,17.3,15.6,13.6,79,1020.9,S,15,20,0.0,Partly cloudy
Avalon,94854,20260315103000,20260315213000,-38.0,144.5,17.3,15.2,13.6,79,1020.9,S,17,19,0.0,Partly cloudy
Avalon,94854,20260315100000,20260315210000,-38.0,144.5,17.4,14.8,13.9,80,1019.9,S,20,26,0.0,Cloudy
,,20260315093000,20260315203000,-38.0,144.5,17.5,14.5,13.8,79,1020.1,S,22,32,0.0,Partly cloudy
Avalon,94854,20260315090900,20260315200900,-38.0,144.5,17.6,14.0,14.1,80,1019.9,S,26,32,0.0,Partly cloudy
Avalon,94854,20260315090000,20260315200000,-38.0,144.5,17.6,13.6,14.1,80,1020.0,S,28,33,0.0,Partly cloudy
Avalon,94854,20260315083000,20260315193000,-38.0,144.5,17.8,13.8,14.1,79,1019.5,S,28,33,0.0,-
Avalon,94854,20260315080000,20260315190000,-38.0,144.5,18.1,14.9,14.2,78,1019.4,S,24,32,0.0,-
Avalon,94854,20260315073000,20260315183000,-38.0,144.5,18.6,15.1,14.5,77,1019.0,S,26,32,0.0,-
Avalon,94854,20260315070000,20260315180000,-38.0,144.5,19.0,15.1,14.5,75,1018.8,SSW,28,32,0.0,Cloudy
Avalon,94854,20260315063000,20260315173000,-38.0,144.5,20.0,16.2,14.6,71,1018.4,SSW,28,35,0.0,-
Avalon,94854,20260315060000,20260315170000,-38.0,144.5,21.4,17.9,14.6,65,1018.1,SSW,26,32,0.0,-
Avalon,94854,20260315053000,20260315163000,-38.0,144.5,24.5,22.8,13.7,51,1018.3,S,15,19,0.0,-
Avalon,94854,20260315050000,20260315160000,-38.0,144.5,24.3,22.4,14.1,53,1018.4,S,17,22,0.0,-
Avalon,94854,20260315043000,20260315153000,-38.0,144.5,24.1,22.9,15.1,57,1018.7,SE,15,20,0.0,-
Avalon,94854,20260315040000,20260315150000,-38.0,144.5,24.0,21.7,14.1,54,1019.3,ESE,19,24,0.0,Mostly cloudy
Avalon,94854,20260315033000,20260315143000,-38.0,144.5,23.3,21.7,15.1,60,1019.6,ESE,17,20,0.0,-
Avalon,94854,20260315030000,20260315140000,-38.0,144.5,23.1,21.7,14.4,58,1020.1,ESE,15,19,0.0,-
Avalon,94854,20260315023000,20260315133000,-38.0,144.5,22.9,21.4,13.1,54,1020.5,ESE,13,17,0.0,-
Avalon,94854,20260315020000,20260315130000,-38.0,144.5,22.9,20.6,11.9,50,1021.0,SE,15,20,0.0,-
Avalon,94854,20260315013000,20260315123000,-38.0,144.5,23.0,23.6,13.2,54,1021.6,NNE,2,9,0.0,-
Avalon,94854,20260315010000,20260315120000,-38.0,144.5,21.2,20.7,13.9,63,1022.0,E,9,17,0.0,Mostly clear
Avalon,94854,20260315003000,20260315113000,-38.0,144.5,20.9,20.1,14.1,65,1022.4,SE,11,15,0.0,-
Avalon,94854,20260315000000,20260315110000,-38.0,144.5,19.8,19.6,13.7,68,1022.2,E,7,13,0.0,-
Avalon,94854,20260314233000,20260315103000,-38.0,144.5,18.9,18.3,13.5,71,1022.7,ESE,9,13,0.0,-
Avalon,94854,20260314230000,20260315100000,-38.0,144.5,18.0,18.0,13.7,76,1022.7,SSE,6,9,0.0,-
Avalon,94854,20260314223000,20260315093000,-38.0,144.5,16.3,17.1,13.6,84,1022.9,WSW,2,7,0.0,-
Avalon,94854,20260314220000,20260315090000,-38.0,144.5,13.7,14.3,11.9,89,1023.0,CALM,0,0,0.0,-
Avalon,94854,20260314213000,20260315083000,-38.0,144.5,12.1,12.4,10.8,92,1023.0,CALM,0,0,0.0,-
Avalon,94854,20260314210000,20260315080000,-38.0,144.5,10.8,9.7,9.9,94,1022.6,NNW,6,6,0.0,-
Avalon,94854,20260314203000,20260315073000,-38.0,144.5,9.8,7.8,8.7,93,1022.5,NNW,9,11,0.0,-
Avalon,94854,20260314200000,20260315070000,-38.0,144.5,9.3,7.2,8.1,92,1022.5,NNW,9,9,0.0,-
Avalon,94854,20260314193000,20260315063000,-38.0,144.5,9.7,7.7,8.6,93,1022.3,NNW,9,11,0.0,-
Avalon,94854,20260314190000,20260315060000,-38.0,144.5,9.3,7.5,7.9,91,1022.4,WNW,7,11,0.0,-
Avalon,94854,20260314183000,20260315053000,-38.0,144.5,9.8,8.2,8.6,92,1022.2,WNW,7,7,0.0,-
Avalon,94854,20260314180000,20260315050000,-38.0,144.5,9.4,7.6,8.0,91,1022.3,WNW,7,9,0.0,-
Avalon,94854,20260314173000,20260315043000,-38.0,144.5,10.5,9.2,9.1,91,1022.5,W,6,7,0.0,-
Avalon,94854,20260314170000,20260315040000,-38.0,144.5,10.7,9.3,9.5,92,1022.7,NW,7,9,0.0,-
Avalon,94854,20260314163000,20260315033000,-38.0,144.5,10.2,8.2,8.6,90,1022.7,NNW,9,11,0.0,-
Avalon,94854,20260314160000,20260315030000,-38.0,144.5,10.4,8.7,8.5,88,1023.0,NW,7,9,0.0,-
Avalon,94854,20260314153000,20260315023000,-38.0,144.5,11.3,10.1,9.6,89,1023.4,WNW,6,7,0.0,-
Avalon,94854,20260314150000,20260315020000,-38.0,144.5,11.3,9.4,9.2,87,1023.7,NW,9,9,0.0,-
Avalon,94854,20260314143000,20260315013000,-38.0,144.5,12.0,10.3,9.9,87,1024.0,NW,9,11,0.0,-
Avalon,94854,20260314140000,20260315010000,-38.0,144.5,11.7,10.5,9.4,86,1024.5,NW,6,7,0.0,-
Avalon,94854,20260314133000,20260315003000,-38.0,144.5,12.2,11.9,10.1,87,1024.6,WNW,2,6,0.0,-
Avalon,94854,20260314130000,20260315000000,-38.0,144.5,12.4,12.5,10.0,85,1025.0,CALM,0,0,0.0,Partly cloudy
Avalon,94854,20260314123000,20260314233000,-38.0,144.5,12.2,11.3,9.2,82,1025.0,W,4,7,0.0,-
Avalon,94854,20260314120000,20260314230000,-38.0,144.5,12.9,12.9,9.7,81,1025.2,CALM,0,0,0.0,-
Avalon,94854,20260314113000,20260314223000,-38.0,144.5,13.5,13.6,10.1,80,1025.4,CALM,0,6,0.0,-
Avalon,94854,20260314110000,20260314220000,-38.0,144.5,14.2,13.1,10.8,80,1025.7,S,7,9,0.0,-
Avalon,94854,20260314103000,20260314213000,-38.0,144.5,14.4,13.4,11.0,80,1025.6,SSE,7,9,0.0,-
Avalon,94854,20260314100000,20260314210000,-38.0,144.5,14.9,13.6,11.1,78,1025.4,SE,9,13,0.0,Mostly clear
Avalon,94854,20260314093000,20260314203000,-38.0,144.5,15.5,14.2,11.1,75,1025.5,SSE,9,11,0.0,-
Avalon,94854,20260314090000,20260314200000,-38.0,144.5,16.4,14.3,11.1,71,1025.3,SSE,13,17,0.0,-
Avalon,94854,20260314083000,20260314193000,-38.0,144.5,17.2,14.0,11.2,68,1025.4,SSE,19,24,0.0,-
Avalon,94854,20260314080000,20260314190000,-38.0,144.5,17.8,14.1,11.4,66,1025.2,SSE,22,28,0.0,-
Avalon,94854,20260314073000,20260314183000,-38.0,144.5,18.1,13.5,11.2,64,1025.1,SSE,26,32,0.0,-
Melbourne (Olympic Park),95936,20260317070000,20260317180000,-37.8,145.0,19.6,19.2,14.0,70,1019.3,S,9,15,0.2,-
Melbourne (Olympic Park),95936,20260317063000,20260317173000,-37.8,145.0,20.0,20.4,14.8,72,1019.1,S,6,11,0.2,-
Melbourne (Olympic Park),95936,20260317060000,20260317170000,-37.8,145.0,20.2,20.1,13.9,67,1019.0,SSE,7,13,0.2,-
Melbourne (Olympic Park),95936,20260317053000,20260317163000,-37.8,145.0,20.5,19.8,14.4,68,1019.0,SSE,11,22,0.2,-
Melbourne (Olympic Park),95936,20260317050000,20260317160000,-37.8,145.0,20.3,19.6,15.5,74,1019.1,SSW,13,24,0.2,-
Melbourne (Olympic Park),95936,20260317043000,20260317153000,-37.8,145.0,20.3,19.4,14.9,71,1019.2,S,13,26,0.2,-
Melbourne (Olympic Park),95936,20260317040000,20260317150000,-37.8,145.0,20.0,19.1,14.8,72,1019.0,S,13,22,0.2,-
Melbourne (Olympic Park),95936,20260317033000,20260317143000,-37.8,145.0,20.2,19.4,15.2,73,1019.1,SSW,13,24,0.0,-
Melbourne (Olympic Park),95936,20260317030000,20260317140000,-37.8,145.0,20.1,19.5,14.5,70,1019.1,SSW,11,17,0.0,-
Melbourne (Olympic Park),95936,20260317023000,20260317133000,-37.8,145.0,19.3,18.8,14.8,75,1019.1,SSW,11,17,0.0,-
Melbourne (Olympic Park),95936,20260317020000,20260317130000,-37.8,145.0,18.7,19.0,15.0,79,1019.3,SSE,7,11,0.0,-
Melbourne (Olympic Park),95936,20260317013000,20260317123000,-37.8,145.0,18.9,18.8,15.0,78,1019.3,SSE,9,13,0.0,-
Melbourne (Olympic Park),95936,20260317010000,20260317120000,-37.8,145.0,19.0,18.9,14.9,77,1019.3,S,9,15,0.0,-
Melbourne (Olympic Park),95936,20260317003000,20260317113000,-37.8,145.0,18.7,19.2,15.6,82,1019.2,SE,7,13,0.0,-
Melbourne (Olympic Park),95936,20260317000000,20260317110000,-37.8,145.0,17.8,18.3,15.6,87,1019.0,S,7,13,0.0,-
Melbourne (Olympic Park),95936,20260316233000,20260317103000,-37.8,145.0,17.5,18.1,16.9,96,1018.8,SSE,9,15,0.0,-
Melbourne (Olympic Park),95936,20260316230000,20260317100000,-37.8,145.0,17.4,18.8,17.4,100,1018.5,SE,6,11,0.0,-
Melbourne (Olympic Park),95936,20260316223000,20260317093000,-37.8,145.0,16.8,17.4,16.8,100,1018.1,SSE,9,17,0.0,-
Melbourne (Olympic Park),95936,20260316220200,20260317090200,-37.8,145.0,16.6,18.1,16.6,100,1017.8,SE,4,9,0.0,-
Melbourne (Olympic Park),95936,20260316220000,20260317090000,-37.8,145.0,16.6,18.1,16.6,100,1017.8,SE,4,7,12.8,-
Melbourne (Olympic Park),95936,20260316213000,20260317083000,-37.8,145.0,16.6,17.5,16.6,100,1017.5,SE,7,11,12.8,-
Melbourne (Olympic Park),95936,20260316211600,20260317081600,-37.8,145.0,16.6,18.5,16.6,100,1017.3,SSE,2,9,12.8,-
Melbourne (Olympic Park),95936,20260316211400,20260317081400,-37.8,145.0,16.6,18.1,16.6,100,1017.2,SSE,4,9,12.8,-
Melbourne (Olympic Park),95936,20260316210000,20260317080000,-37.8,145.0,16.5,17.0,16.5,100,1016.9,SSE,9,13,12.8,-
Melbourne (Olympic Park),95936,20260316203000,20260317073000,-37.8,145.0,16.8,17.4,16.8,100,1016.2,SSE,9,11,12.6,-
Melbourne (Olympic Park),95936,20260316200000,20260317070000,-37.8,145.0,17.2,18.9,17.2,100,1015.7,S,4,9,12.4,-
Melbourne (Olympic Park),95936,20260316193000,20260317063000,-37.8,145.0,17.3,18.7,17.3,100,1015.3,S,6,9,12.4,-
Melbourne (Olympic Park),95936,20260316192700,20260317062700,-37.8,145.0,17.3,18.7,17.3,100,1015.2,S,6,9,12.4,-
Melbourne (Olympic Park),95936,20260316190000,20260317060000,-37.8,145.0,17.5,20.1,17.5,100,1014.8,CALM,0,4,12.4,-
Melbourne (Olympic Park),95936,20260316183000,20260317053000,-37.8,145.0,17.6,20.2,17.6,100,1014.6,CALM,0,0,12.4,-
Melbourne (Olympic Park),95936,20260316180000,20260317050000,-37.8,145.0,17.6,20.2,17.6,100,1014.3,CALM,0,0,12.4,-
Melbourne (Olympic Park),95936,20260316175500,20260317045500,-37.8,145.0,17.6,20.2,17.6,100,1014.3,CALM,0,0,12.4,-
Melbourne (Olympic Park),95936,20260316173000,20260317043000,-37.8,145.0,17.6,20.2,17.6,100,1014.4,CALM,0,0,12.4,-
Melbourne (Olympic Park),95936,20260316172700,20260317042700,-37.8,145.0,17.5,20.1,17.5,100,1014.4,CALM,0,0,12.4,-
Melbourne (Olympic Park),95936,20260316171500,20260317041500,-37.8,145.0,17.5,19.7,17.5,100,1014.4,W,2,7,12.4,-
Melbourne (Olympic Park),95936,20260316170000,20260317040000,-37.8,145.0,17.5,19.7,17.5,100,1014.3,WSW,2,6,12.4,-
Melbourne (Olympic Park),95936,20260316163000,20260317033000,-37.8,145.0,17.5,19.3,17.5,100,1014.2,WSW,4,7,12.2,-
Melbourne (Olympic Park),95936,20260316162600,20260317032600,-37.8,145.0,17.5,19.3,17.5,100,1014.2,W,4,7,12.2,-
Melbourne (Olympic Park),95936,20260316160000,20260317030000,-37.8,145.0,17.5,20.1,17.5,100,1014.1,CALM,0,0,12.0,-
Melbourne (Olympic Park),95936,20260316153000,20260317023000,-37.8,145.0,17.6,20.2,17.6,100,1014.2,CALM,0,0,12.0,-
Melbourne (Olympic Park),95936,20260316150000,20260317020000,-37.8,145.0,17.6,20.2,17.6,100,1014.3,CALM,0,0,12.0,-
Melbourne (Olympic Park),95936,20260316144000,20260317014000,-37.8,145.0,17.6,20.2,17.6,100,1014.4,CALM,0,0,12.0,-
Melbourne (Olympic Park),95936,20260316143000,20260317013000,-37.8,145.0,17.6,19.9,17.6,100,1014.4,SSW,2,9,12.0,-
Melbourne (Olympic Park),95936,20260316140000,20260317010000,-37.8,145.0,17.6,19.9,17.6,100,1014.6,WSW,2,7,12.0,-
Melbourne (Olympic Park),95936,20260316133000,20260317003000,-37.8,145.0,17.6,19.9,17.6,100,1014.5,W,2,9,12.0,-
Melbourne (Olympic Park),95936,20260316130000,20260317000000,-37.8,145.0,17.7,19.1,17.7,100,1014.6,SW,7,13,11.4,-
Melbourne (Olympic Park),95936,20260316123000,20260316233000,-37.8,145.0,18.0,20.8,18.0,100,1014.5,CALM,0,0,11.0,-
Melbourne (Olympic Park),95936,20260316120000,20260316230000,-37.8,145.0,18.0,20.4,18.0,100,1014.4,S,2,6,11.0,-
Melbourne (Olympic Park),95936,20260316113000,20260316223000,-37.8,145.0,18.2,21.1,18.2,100,1014.4,CALM,0,0,11.0,-
Melbourne (Olympic Park),95936,20260316110000,20260316220000,-37.8,145.0,18.3,20.5,18.3,100,1014.5,N,4,7,10.6,-
Melbourne (Olympic Park),95936,20260316103000,20260316213000,-37.8,145.0,18.1,21.0,18.1,100,1014.3,CALM,0,6,10.2,-
Melbourne (Olympic Park),95936,20260316100000,20260316210000,-37.8,145.0,17.9,20.7,17.9,100,1014.1,CALM,0,0,10.2,-
Melbourne (Olympic Park),95936,20260316093000,20260316203000,-37.8,145.0,17.9,20.7,17.9,100,1013.9,CALM,0,0,9.8,-
Melbourne (Olympic Park),95936,20260316090000,20260316200000,-37.8,145.0,18.1,21.0,18.1,100,1013.9,CALM,0,0,9.4,-
Melbourne (Olympic Park),95936,20260316083000,20260316193000,-37.8,145.0,18.0,19.7,18.0,100,1013.7,N,6,7,7.2,-
Melbourne (Olympic Park),95936,20260316080000,20260316190000,-37.8,145.0,18.2,21.1,18.2,100,1013.5,CALM,0,0,4.8,-
Melbourne (Olympic Park),95936,20260316073000,20260316183000,-37.8,145.0,18.1,21.0,18.1,100,1013.1,CALM,0,0,3.0,-
Melbourne (Olympic Park),95936,20260316070600,20260316180600,-37.8,145.0,18.2,19.5,17.2,94,1013.0,SSE,6,7,1.0,-
Melbourne (Olympic Park),95936,20260316070000,20260316180000,-37.8,145.0,18.6,20.7,17.3,92,1012.9,SSW,2,7,0.6,-
Melbourne (Olympic Park),95936,20260316063000,20260316173000,-37.8,145.0,18.8,19.9,16.6,87,1012.9,SSW,6,9,0.2,-
Melbourne (Olympic Park),95936,20260316060000,20260316170000,-37.8,145.0,19.3,21.3,16.0,81,1012.6,CALM,0,0,0.0,-
Melbourne (Olympic Park),95936,20260316053000,20260316163000,-37.8,145.0,19.5,21.3,15.4,77,1012.4,CALM,0,0,0.0,-
Melbourne (Olympic Park),95936,20260316050000,20260316160000,-37.8,145.0,19.4,19.9,14.9,75,1013.2,NNE,6,11,0.0,-
Melbourne (Olympic Park),95936,20260316043000,20260316153000,-37.8,145.0,19.3,19.5,14.8,75,1013.2,NNE,7,9,0.0,-
Melbourne (Olympic Park),95936,20260316040000,20260316150000,-37.8,145.0,19.4,20.1,14.4,73,1013.9,SSE,4,9,0.0,-
Melbourne (Olympic Park),95936,20260316033000,20260316143000,-37.8,145.0,19.2,20.0,14.9,76,1014.8,SSW,4,7,0.0,-
Melbourne (Olympic Park),95936,20260316030000,20260316140000,-37.8,145.0,19.0,18.9,14.9,77,1015.3,SSW,9,13,0.0,-
Melbourne (Olympic Park),95936,20260316023000,20260316133000,-37.8,145.0,18.9,19.8,15.2,79,1015.9,WSW,4,9,0.0,-
Melbourne (Olympic Park),95936,20260316020000,20260316130000,-37.8,145.0,18.4,18.2,14.7,79,1015.7,SSE,9,19,0.0,-
Melbourne (Olympic Park),95936,20260316013000,20260316123000,-37.8,145.0,18.3,18.2,15.0,81,1015.9,S,9,19,0.0,-
Melbourne (Olympic Park),95936,20260316010000,20260316120000,-37.8,145.0,18.0,18.1,15.4,85,1016.5,SSW,9,19,0.0,-
Melbourne (Olympic Park),95936,20260316003000,20260316113000,-37.8,145.0,17.9,18.0,15.5,86,1016.3,SSW,9,15,0.0,-
Melbourne (Olympic Park),95936,20260316000000,20260316110000,-37.8,145.0,18.2,18.7,14.9,81,1016.1,SSW,6,13,0.0,-
Melbourne (Olympic Park),95936,20260315233000,20260316103000,-37.8,145.0,18.2,19.6,14.5,79,1016.0,CALM,0,6,0.0,-
Melbourne (Olympic Park),95936,20260315230000,20260316100000,-37.8,145.0,18.0,18.4,14.7,81,1015.6,NE,6,9,0.0,-
Melbourne (Olympic Park),95936,20260315223000,20260316093000,-37.8,145.0,17.6,17.3,14.5,82,1015.7,SSE,9,15,0.0,-
Melbourne (Olympic Park),95936,20260315220000,20260316090000,-37.8,145.0,17.7,17.9,14.6,82,1016.1,S,7,11,0.0,-
Melbourne (Olympic Park),95936,20260315213000,20260316083000,-37.8,145.0,17.7,17.5,14.8,83,1016.1,SE,9,13,0.0,-
Melbourne (Olympic Park),95936,20260315210000,20260316080000,-37.8,145.0,17.6,18.1,14.9,84,1016.1,SSE,6,11,0.0,-
Melbourne (Olympic Park),95936,20260315203000,20260316073000,-37.8,145.0,17.4,17.5,14.5,83,1016.0,S,7,9,0.0,-
Melbourne (Olympic Park),95936,20260315200000,20260316070000,-37.8,145.0,17.4,18.8,14.3,82,1016.0,CALM,0,7,0.0,-
Melbourne (Olympic Park),95936,20260315193000,20260316063000,-37.8,145.0,17.4,18.2,14.7,84,1016.0,S,4,7,0.0,-
Melbourne (Olympic Park),95936,20260315190000,20260316060000,-37.8,145.0,17.5,18.8,14.2,81,1015.8,CALM,0,0,0.0,-
Melbourne (Olympic Park),95936,20260315183000,20260316053000,-37.8,145.0,17.5,18.2,14.6,83,1015.8,E,4,7,0.0,-
Melbourne (Olympic Park),95936,20260315180000,20260316050000,-37.8,145.0,17.1,18.9,15.4,90,1016.2,CALM,0,0,0.0,-
Melbourne (Olympic Park),95936,20260315173000,20260316043000,-37.8,145.0,17.3,19.0,15.1,87,1016.6,CALM,0,0,0.0,-
Melbourne (Olympic Park),95936,20260315170000,20260316040000,-37.8,145.0,17.2,18.8,15.0,87,1016.8,CALM,0,0,0.0,-
Melbourne (Olympic Park),95936,20260315163000,20260316033000,-37.8,145.0,17.3,18.9,14.8,85,1017.1,CALM,0,0,0.0,-
Melbourne (Olympic Park),95936,20260315160000,20260316030000,-37.8,145.0,17.4,18.8,14.5,83,1017.8,CALM,0,0,0.0,-
Melbourne (Olympic Park),95936,20260315153000,20260316023000,-37.8,145.0,17.6,19.1,14.7,83,1018.2,CALM,0,7,0.0,-
Melbourne (Olympic Park),95936,20260315150000,20260316020000,-37.8,145.0,17.7,18.0,14.6,82,1018.5,SSE,6,11,0.0,-
Melbourne (Olympic Park),95936,20260315143000,20260316013000,-37.8,145.0,17.6,19.1,14.7,83,1019.2,CALM,0,6,0.0,-
Melbourne (Olympic Park),95936,20260315140000,20260316010000,-37.8,145.0,17.5,18.9,14.4,82,1019.2,CALM,0,0,0.0,-
Melbourne (Olympic Park),95936,20260315133000,20260316003000,-37.8,145.0,17.7,18.3,14.2,80,1019.1,S,4,7,0.0,-
Melbourne (Olympic Park),95936,20260315130000,20260316000000,-37.8,145.0,17.9,19.1,14.8,82,1019.3,S,2,6,0.0,-
Melbourne (Olympic Park),95936,20260315123000,20260315233000,-37.8,145.0,18.3,19.7,15.4,83,1019.7,WSW,2,7,0.0,-
Melbourne (Olympic Park),95936,20260315120000,20260315230000,-37.8,145.0,18.3,19.7,15.4,83,1019.8,W,2,6,0.0,-
Melbourne (Olympic Park),95936,20290101120000,20290101230000,-37.8,145.0,18.4,19.4,15.3,82,1020.2,SSW,4,11,0.0,-
Melbourne (Olympic Park),95936,20260315110000,20260315220000,-37.8,145.0,18.6,19.0,15.3,81,1020.6,WSW,7,15,0.0,-
Melbourne (Olympic Park),95936,20260315103000,20260315213000,-37.8,145.0,18.8,19.2,15.3,80,1020.1,SSW,7,15,0.0,-
Melbourne (Olympic Park),95936,20260315100000,20260315210000,-37.8,145.0,19.3,19.1,15.6,79,1019.5,SSW,11,19,0.0,-
Melbourne (Olympic Park),95936,20260315093000,20260315203000,-37.8,145.0,19.9,19.2,15.5,76,1019.4,SSW,13,22,0.0,-
Melbourne (Olympic Park),95936,20260315090000,20260315200000,-37.8,145.0,20.4,21.2,17.4,83,1018.6,SW,9,15,0.0,-
Melbourne (Olympic Park),95936,20260315083000,20260315193000,-37.8,145.0,20.2,20.3,16.6,80,1018.7,SSW,11,19,0.0,-
Melbourne (Olympic Park),95936,20260315080000,20260315190000,-37.8,145.0,20.6,20.7,16.6,78,1018.7,SSW,11,22,0.0,-
Melbourne (Olympic Park),95936,20260315073000,20260315183000,-37.8,145.0,21.5,22.1,16.9,75,1018.4,SSW,9,17,0.0,-
Melbourne (Olympic Park),95936,20260315070000,20260315180000,-37.8,145.0,21.8,22.6,16.3,71,1017.9,SSW,7,17,0.0,-
Melbourne (Olympic Park),95936,20260315063000,20260315173000,-37.8,145.0,22.1,21.9,14.7,63,1017.6,SW,9,15,0.0,-
Melbourne (Olympic Park),95936,20260315060000,20260315170000,-37.8,145.0,23.4,23.5,13.8,54,1017.5,SW,6,13,0.0,-
Melbourne (Olympic Park),95936,20260315053000,20260315163000,-37.8,145.0,25.2,25.0,14.6,51,1017.7,WSW,9,15,0.0,-
Melbourne (Olympic Park),95936,20260315050000,20260315160000,-37.8,145.0,24.4,24.5,15.6,58,1017.8,WSW,9,15,0.0,-
Melbourne (Olympic Park),95936,20260315043000,20260315153000,-37.8,145.0,24.2,24.6,15.4,58,1018.4,SW,7,15,0.0,-
Melbourne (Olympic Park),95936,20260315040000,20260315150000,-37.8,145.0,23.5,23.1,15.3,60,1019.0,SSW,11,17,0.0,-
Melbourne (Olympic Park),95936,20260315033000,20260315143000,-37.8,145.0,23.1,23.4,14.9,60,1019.4,SW,7,13,0.0,-
Melbourne (Olympic Park),95936,20260315030000,20260315140000,-37.8,145.0,23.0,23.2,14.6,59,1019.9,SSW,7,13,0.0,-
Melbourne (Olympic Park),95936,20260315023000,20260315133000,-37.8,145.0,22.6,22.3,14.4,60,1020.4,S,9,13,0.0,-
Melbourne (Olympic Park),95936,20260315020000,20260315130000,-37.8,145.0,22.7,23.0,14.5,60,1021.2,SSW,6,13,0.0,-
Melbourne (Olympic Park),95936,20260315013000,20260315123000,-37.8,145.0,22.0,21.2,13.9,60,1021.5,SSW,11,13,0.0,-
Melbourne (Olympic Park),95936,20260315010000,20260315120000,-37.8,145.0,23.8,23.6,11.8,47,1021.8,NNW,4,9,0.0,-
Melbourne (Olympic Park),95936,20260315003000,20260315113000,-37.8,145.0,22.1,21.4,12.1,53,1022.2,N,7,11,0.0,-
Melbourne (Olympic Park),95936,20260315000000,20260315110000,-37.8,145.0,20.8,20.4,12.5,59,1022.5,NNE,6,7,0.0,-
Melbourne (Olympic Park),95936,20260314233000,20260315103000,-37.8,145.0,19.3,19.8,12.8,66,1022.7,ESE,2,7,0.0,-
Melbourne (Olympic Park),95936,20260314230000,20260315100000,-37.8,145.0,17.6,17.6,12.3,71,1022.8,ESE,4,9,0.0,-
Melbourne (Olympic Park),95936,20260314223000,20260315093000,-37.8,145.0,15.9,16.2,12.1,78,1023.0,NNE,2,7,0.0,-
Melbourne (Olympic Park),95936,20260314220000,20260315090000,-37.8,145.0,14.4,13.6,11.6,83,1022.9,NNE,7,9,0.0,-
Melbourne (Olympic Park),95936,20260314213000,20260315083000,-37.8,145.0,13.0,12.2,11.1,88,1023.0,NNE,6,11,0.0,-
Melbourne (Olympic Park),95936,20260314210000,20260315080000,-37.8,145.0,12.3,11.4,10.7,90,1023.0,NE,6,11,0.0,-
Melbourne (Olympic Park),95936,20260314203000,20260315073000,-37.8,145.0,12.3,11.3,11.0,92,1023.0,NE,7,11,0.0,-
Melbourne (Olympic Park),95936,20260314200000,20260315070000,-37.8,145.0,12.3,11.7,11.7,96,1022.8,NE,6,9,0.0,-
Melbourne (Olympic Park),95936,20260314193000,20260315063000,-37.8,145.0,12.0,12.6,12.0,100,1022.6,CALM,0,0,0.0,-
Melbourne (Olympic Park),95936,20260314190000,20260315060000,-37.8,145.0,12.2,12.9,12.2,100,1022.4,CALM,0,0,0.0,-
Melbourne (Olympic Park),95936,20260314183000,20260315053000,-37.8,145.0,12.4,13.2,12.4,100,1022.3,CALM,0,0,0.0,-
Melbourne (Olympic Park),95936,20260314180000,20260315050000,-37.8,145.0,12.4,13.2,12.4,100,1022.4,CALM,0,0,0.0,-
Melbourne (Olympic Park),95936,20260314173000,20260315043000,-37.8,145.0,12.5,13.3,12.5,100,1022.4,CALM,0,0,0.0,-
Melbourne (Olympic Park),95936,20260314170000,20260315040000,-37.8,145.0,12.9,13.7,12.4,97,1022.5,CALM,0,0,0.0,-
Melbourne (Olympic Park),95936,20260314163000,20260315033000,-37.8,145.0,13.2,13.9,12.3,94,1022.8,CALM,0,0,0.0,-
Melbourne (Olympic Park),95936,20260314160000,20260315030000,-37.8,145.0,13.9,14.5,11.8,87,1022.9,CALM,0,6,0.0,-
Melbourne (Olympic Park),95936,20260314153000,20260315023000,-37.8,145.0,13.8,14.3,12.7,93,1023.4,NNE,2,6,0.0,-
Melbourne (Olympic Park),95936,20260314150000,20260315020000,-37.8,145.0,13.6,14.4,12.5,93,1023.9,CALM,0,0,0.0,-
Melbourne (Olympic Park),95936,20260314143000,20260315013000,-37.8,145.0,13.8,14.6,12.4,91,1024.3,CALM,0,0,0.0,-
Melbourne (Olympic Park),95936,20260314140000,20260315010000,-37.8,145.0,14.0,14.8,12.4,90,1024.5,CALM,0,0,0.0,-
Melbourne (Olympic Park),95936,20260314133000,20260315003000,-37.8,145.0,14.2,14.9,12.2,88,1024.8,CALM,0,0,0.0,-
Melbourne (Olympic Park),95936,20260314130000,20260315000000,-37.8,145.0,14.4,14.9,11.6,83,1024.7,CALM,0,0,0.0,-
Melbourne (Olympic Park),95936,20260314123000,20260314233000,-37.8,145.0,15.1,15.6,11.7,80,1024.8,CALM,0,0,0.0,-
Melbourne (Olympic Park),95936,20260314120000,20260314230000,-37.8,145.0,15.8,16.2,11.4,75,1024.9,CALM,0,6,0.0,-
Melbourne (Olympic Park),95936,20260314113000,20260314223000,-37.8,145.0,16.1,16.6,11.5,74,1025.2,CALM,0,9,0.0,-
Melbourne (Olympic Park),95936,20260314110000,20260314220000,-37.8,145.0,16.6,15.8,11.1,70,1025.3,SSW,6,9,0.0,-
Melbourne (Olympic Park),95936,20260314103000,20260314213000,-37.8,145.0,16.9,16.8,10.7,67,1025.3,SSW,2,9,0.0,-
Melbourne (Olympic Park),95936,20260314100000,20260314210000,-37.8,145.0,17.5,17.0,10.9,65,1025.1,S,4,9,0.0,-
Melbourne (Olympic Park),95936,20260314093000,20260314203000,-37.8,145.0,18.1,17.1,11.0,63,1024.8,S,7,15,0.0,-
Melbourne (Olympic Park),95936,20260314090000,20260314200000,-37.8,145.0,18.8,17.4,10.9,60,1024.7,S,9,19,0.0,-
Melbourne (Olympic Park),95936,20260314083000,20260314193000,-37.8,145.0,20.0,18.2,10.7,55,1024.8,SSE,11,20,0.0,-
Melbourne (Olympic Park),95936,20260314080000,20260314190000,-37.8,145.0,21.2,18.9,10.4,50,1024.4,SSE,13,24,0.0,-
Melbourne (Olympic Park),95936,20260314073000,20260314183000,-37.8,145.0,21.6,20.8,13.0,58,1024.3,SSW,9,19,0.0,-
Moorabbin Airport,94870,20260317070000,20260317180000,-38.0,145.1,19.5,17.7,13.2,67,1019.5,SE,15,20,0.0,Cloudy
Moorabbin Airport,94870,20260317063000,20260317173000,-38.0,145.1,19.7,17.5,13.4,67,1019.3,SSE,17,20,0.0,Mostly clear
Moorabbin Airport,94870,20260317060000,20260317170000,-38.0,145.1,19.6,17.6,13.8,69,1019.1,SE,17,20,0.0,Partly cloudy
Moorabbin Airport,94870,20260317053000,20260317163000,-38.0,145.1,19.6,18.3,13.8,69,1019.1,SE,13,17,0.0,Cloudy
Moorabbin Airport,94870,20260317050000,20260317160000,-38.0,145.1,19.6,18.3,13.8,69,1019.1,ESE,13,19,0.0,Cloudy
Moorabbin Airport,94870,20260317043000,20260317153000,-38.0,145.1,19.7,18.2,14.1,70,1019.3,SSE,15,20,0.0,Cloudy
Moorabbin Airport,94870,20260317040000,20260317150000,-38.0,145.1,19.9,17.7,14.5,71,1019.1,S,19,24,0.0,Mostly cloudy
Moorabbin Airport,94870,20260317033000,20260317143000,-38.0,145.1,19.6,17.4,14.4,72,1019.2,SSW,19,26,0.0,Mostly clear
Moorabbin Airport,94870,20260317030000,20260317140000,-38.0,145.1,19.6,18.2,14.6,73,1019.2,SSW,15,20,0.0,Cloudy
Moorabbin Airport,94870,20260317023000,20260317133000,-38.0,145.1,19.8,18.3,14.2,70,1019.1,SSW,15,20,0.0,Mostly clear
Moorabbin Airport,94870,20260317020000,20260317130000,-38.0,145.1,19.7,18.7,14.7,73,1019.1,SSW,13,20,0.0,Partly cloudy
Moorabbin Airport,94870,20260317013000,20260317123000,-38.0,145.1,19.7,19.1,14.5,72,1019.2,SE,11,15,0.0,Partly cloudy
Moorabbin Airport,94870,20260317010000,20260317120000,-38.0,145.1,18.4,17.0,14.5,78,1019.3,SE,15,17,0.0,Cloudy
Moorabbin Airport,94870,20260317005000,20260317115000,-38.0,145.1,18.3,16.9,14.6,79,1019.4,SSE,15,20,0.0,Mostly clear
Moorabbin Airport,94870,20260317003000,20260317113000,-38.0,145.1,18.2,17.5,15.3,83,1019.3,SSE,13,17,0.0,Partly cloudy
Moorabbin Airport,94870,20260317001500,20260317111500,-38.0,145.1,17.7,16.4,14.8,83,1019.2,SE,15,19,0.0,Partly cloudy
Moorabbin Airport,94870,20260317000000,20260317110000,-38.0,145.1,18.3,17.2,15.4,83,1018.9,SE,15,17,0.0,Mostly clear
Moorabbin Airport,94870,20260316234100,20260317104100,-38.0,145.1,17.8,16.5,14.9,83,1018.9,SE,15,20,0.0,Mostly clear
Moorabbin Airport,94870,20260316233000,20260317103000,-38.0,145.1,17.5,16.3,15.0,85,1018.8,SE,15,19,0.0,Partly cloudy
Moorabbin Airport,94870,20260316230000,20260317100000,-38.0,145.1,17.1,15.5,14.9,87,1018.6,SE,17,20,0.0,Cloudy
Moorabbin Airport,94870,20260316223800,20260317093800,-38.0,145.1,17.1,16.4,15.3,89,1018.3,ESE,13,17,0.0,Partly cloudy
Moorabbin Airport,94870,20260316223000,20260317093000,-38.0,145.1,16.9,16.1,15.1,89,1018.2,ESE,13,17,0.0,Partly cloudy
Moorabbin Airport,94870,20260316221800,20260317091800,-38.0,145.1,16.6,15.4,15.0,90,1018.0,SE,15,20,0.0,Mostly clear
Moorabbin Airport,94870,20260316220000,20260317090000,-38.0,145.1,16.8,16.2,15.7,93,1017.8,SE,13,17,11.2,Cloudy
Moorabbin Airport,94870,20260316213000,20260317083000,-38.0,145.1,16.3,15.2,15.3,94,1017.5,SSE,15,20,11.2,Partly cloudy
Moorabbin Airport,94870,20260316210000,20260317080000,-38.0,145.1,16.1,15.4,15.3,95,1017.0,SE,13,17,11.2,Partly cloudy
Moorabbin Airport,94870,20260316203000,20260317073000,-38.0,145.1,16.1,15.4,15.3,95,1016.4,SE,13,15,11.2,Partly cloudy
Moorabbin Airport,94870,20260316200000,20260317070000,-38.0,145.1,16.0,15.2,15.2,95,1015.9,SE,13,15,11.2,Partly cloudy
Moorabbin Airport,94870,20260316193000,20260317063000,-38.0,145.1,,,15.3,95,1015.3,SSE,11,15,11.2,Partly cloudy
Moorabbin Airport,94870,20260316190000,20260317060000,-38.0,145.1,16.2,15.5,15.4,95,1014.9,SE,13,15,11.2,Cloudy
Moorabbin Airport,94870,20260316183000,20260317053000,-38.0,145.1,16.4,16.6,15.8,96,1014.6,SSE,9,13,11.2,Partly cloudy
Moorabbin Airport,94870,20260316180000,20260317050000,-38.0,145.1,16.6,16.8,15.8,95,1014.5,SE,9,11,11.0,Partly cloudy
Moorabbin Airport,94870,20260316173000,20260317043000,-38.0,145.1,16.7,17.0,15.9,95,1014.5,SSE,9,11,11.0,Partly cloudy
Moorabbin Airport,94870,20260316170000,20260317040000,-38.0,145.1,16.8,17.1,16.0,95,1014.2,SSE,9,13,11.0,Cloudy
Moorabbin Airport,94870,20260316163000,20260317033000,-38.0,145.1,17.2,17.9,16.2,94,1014.2,SE,7,9,11.0,Partly cloudy
Moorabbin Airport,94870,20260316161800,20260317031800,-38.0,145.1,17.5,19.3,16.5,94,1014.1,W,2,9,11.0,Partly cloudy
Moorabbin Airport,94870,20260316160000,20260317030000,-38.0,145.1,17.6,19.8,16.6,94,1014.0,CALM,0,0,11.0,Cloudy
Moorabbin Airport,94870,20260316153800,20260317023800,-38.0,145.1,17.5,19.7,16.5,94,1014.1,CALM,0,0,11.0,Partly cloudy
Moorabbin Airport,94870,20260316153000,20260317023000,-38.0,145.1,17.5,19.7,16.5,94,1014.0,CALM,0,0,11.0,Mostly clear
Moorabbin Airport,94870,20260316152400,20260317022400,-38.0,145.1,17.4,19.6,16.4,94,1014.1,CALM,0,0,11.0,Partly cloudy
Moorabbin Airport,94870,20260316150000,20260317020000,-38.0,145.1,17.5,19.7,16.5,94,1014.3,CALM,0,0,11.0,Partly cloudy
Moorabbin Airport,94870,20260316143000,20260317013000,-38.0,145.1,17.4,18.9,16.6,95,1014.4,WNW,4,6,11.0,Cloudy
Moorabbin Airport,94870,20260316140000,20260317010000,-38.0,145.1,17.3,17.8,16.5,95,1014.4,WSW,9,13,11.0,Cloudy
Moorabbin Airport,94870,20260316133000,20260317003000,-38.0,145.1,17.5,18.1,16.7,95,1014.4,WSW,9,13,11.0,Cloudy
Moorabbin Airport,94870,20260316132700,20260317002700,-38.0,145.1,17.5,18.1,16.7,95,1014.5,WSW,9,13,10.6,Cloudy
Moorabbin Airport,94870,20260316130000,20260317000000,-38.0,145.1,17.7,18.7,16.9,95,1014.4,W,7,11,10.4,Cloudy
Moorabbin Airport,94870,20260316125500,20260316235500,-38.0,145.1,17.7,18.7,16.9,95,1014.5,W,7,11,10.2,Cloudy
Moorabbin Airport,94870,20260316125100,20260316235100,-38.0,145.1,17.7,18.3,16.9,95,1014.5,W,9,11,10.2,Cloudy
Moorabbin Airport,94870,20260316123000,20260316233000,-38.0,145.1,17.7,18.7,16.9,95,1014.4,W,7,9,10.2,Cloudy
Moorabbin Airport,94870,20260316120000,20260316230000,-38.0,145.1,17.7,18.9,16.9,95,1014.4,WNW,6,9,9.8,Cloudy
Moorabbin Airport,94870,20260316113000,20260316223000,-38.0,145.1,17.5,18.4,16.7,95,1014.4,W,7,11,9.8,Cloudy
Moorabbin Airport,94870,20260316110000,20260316220000,-38.0,145.1,17.6,19.8,16.6,94,1014.5,CALM,0,0,9.6,Partly cloudy
Moorabbin Airport,94870,20260316103000,20260316213000,-38.0,145.1,17.5,19.7,16.5,94,1014.3,CALM,0,0,9.0,Partly cloudy
Moorabbin Airport,94870,20260316102300,20260316212300,-38.0,145.1,17.5,19.7,16.5,94,1014.2,CALM,0,0,9.0,Partly cloudy
Moorabbin Airport,94870,20260316100800,20260316210800,-38.0,145.1,17.5,18.9,16.5,94,1014.1,WNW,4,6,8.8,Mostly clear
Moorabbin Airport,94870,20260316100000,20260316210000,-38.0,145.1,17.5,19.7,16.5,94,1014.1,CALM,0,6,8.8,Cloudy
Moorabbin Airport,94870,20260316093900,20260316203900,-38.0,145.1,17.4,19.6,16.4,94,1013.9,CALM,0,4,8.8,Mostly clear
Moorabbin Airport,94870,20260316093200,20260316203200,-38.0,145.1,17.3,19.0,16.3,94,1013.8,NW,2,6,8.6,Mostly clear
Moorabbin Airport,94870,20260316093000,20260316203000,-38.0,145.1,17.3,19.0,16.3,94,1013.8,NW,2,6,8.6,Mostly clear
Moorabbin Airport,94870,20260316090000,20260316200000,-38.0,145.1,17.4,18.2,16.4,94,1013.9,WNW,7,9,7.8,Partly cloudy
Moorabbin Airport,94870,20260316084300,20260316194300,-38.0,145.1,17.4,18.2,16.3,93,1013.8,W,7,9,5.8,Partly cloudy
Moorabbin Airport,94870,20260316083000,20260316193000,-38.0,145.1,17.5,18.5,16.4,93,1013.6,W,6,7,4.8,Mostly clear
Moorabbin Airport,94870,20260316081900,20260316191900,-38.0,145.1,17.6,19.0,16.5,93,1013.6,NW,4,6,4.2,Mostly clear
Moorabbin Airport,94870,20260316080000,20260316190000,-38.0,145.1,17.5,18.4,16.2,92,1013.4,NW,6,6,3.0,Partly cloudy
Moorabbin Airport,94870,20260316073000,20260316183000,-38.0,145.1,17.6,18.3,16.1,91,1013.1,WNW,7,9,2.2,Mostly clear
Moorabbin Airport,94870,20260316070000,20260316180000,-38.0,145.1,17.9,17.8,16.1,89,1013.0,WNW,11,15,1.2,Cloudy
Moorabbin Airport,94870,20260316063000,20260316173000,-38.0,145.1,18.8,19.2,16.2,85,1012.7,WNW,9,13,0.6,Mostly clear
Moorabbin Airport,94870,20260316060000,20260316170000,-38.0,145.1,19.0,20.4,15.5,80,1012.4,NW,2,9,0.4,Mostly clear
Moorabbin Airport,94870,20260316053000,20260316163000,-38.0,145.1,18.9,18.9,15.2,79,1012.7,N,9,11,0.4,Cloudy
Moorabbin Airport,94870,20260316050000,20260316160000,-38.0,145.1,75.3,19.4,16.0,82,1013.1,NNE,9,13,0.4,Partly cloudy
Moorabbin Airport,94870,20260316043000,20260316153000,-38.0,145.1,18.7,18.7,15.2,80,1013.4,NE,9,11,0.4,Partly cloudy
Moorabbin Airport,94870,20260316040000,20260316150000,-38.0,145.1,18.7,19.2,15.6,82,1013.8,E,7,11,0.2,Cloudy
Moorabbin Airport,94870,20260316033000,20260316143000,-38.0,145.1,18.6,19.1,15.1,80,1014.9,SW,6,9,0.2,Cloudy
Moorabbin Airport,94870,20260316030000,20260316140000,-38.0,145.1,18.6,20.1,14.7,78,1015.3,CALM,0,6,0.2,Cloudy
Moorabbin Airport,94870,20260316024300,20260316134300,-38.0,145.1,18.5,20.1,15.0,80,1015.7,CALM,0,6,0.2,Partly cloudy
Moorabbin Airport,94870,20260316023000,20260316133000,-38.0,145.1,18.4,18.4,15.1,81,1015.7,SSE,9,13,0.2,Cloudy
Moorabbin Airport,94870,20260316022200,20260316132200,-38.0,145.1,18.3,18.3,15.2,82,1015.6,S,9,15,0.2,Cloudy
Moorabbin Airport,94870,20260316020000,20260316130000,-38.0,145.1,18.3,17.8,15.0,81,1016.0,S,11,15,0.2,Cloudy
Moorabbin Airport,94870,20260316014200,20260316124200,-38.0,145.1,17.8,16.3,15.2,85,1015.7,SSE,17,19,0.2,Mostly clear
Moorabbin Airport,94870,20260316013000,20260316123000,-38.0,145.1,17.7,15.8,15.1,85,1015.8,S,19,22,0.2,Partly cloudy
Moorabbin Airport,94870,20260316011400,20260316121400,-38.0,145.1,17.7,16.9,15.1,85,1016.4,S,13,24,0.2,Partly cloudy
Moorabbin Airport,94870,20260316010000,20260316120000,-38.0,145.1,17.6,16.8,15.2,86,1016.6,S,13,17,0.2,Cloudy
Moorabbin Airport,94870,20260316005900,20260316115900,-38.0,145.1,17.6,16.8,15.2,86,1016.6,S,13,20,0.2,Cloudy
Moorabbin Airport,94870,20260316003000,20260316113000,-38.0,145.1,17.6,16.7,15.8,89,1015.5,S,15,20,0.2,Cloudy
Moorabbin Airport,94870,20260316000000,20260316110000,-38.0,145.1,17.6,16.8,15.2,86,1016.2,S,13,17,0.0,Cloudy
Moorabbin Airport,94870,20260315233000,20260316103000,-38.0,145.1,17.9,17.8,15.0,83,1015.7,SE,9,13,0.0,Cloudy
Moorabbin Airport,94870,20260315230000,20260316100000,-38.0,145.1,17.5,16.3,15.1,86,1015.3,SE,15,20,0.0,Cloudy
Moorabbin Airport,94870,20260315223000,20260316093000,-38.0,145.1,17.4,16.2,15.0,86,1015.8,SE,15,20,0.0,Cloudy
Moorabbin Airport,94870,20260315220800,20260316090800,-38.0,145.1,17.3,16.0,14.9,86,1015.9,SE,15,20,0.0,Partly cloudy
Moorabbin Airport,94870,20260315220000,20260316090000,-38.0,145.1,17.1,15.8,14.9,87,1016.0,SE,15,20,0.0,Cloudy
Moorabbin Airport,94870,20260315213000,20260316083000,-38.0,145.1,16.9,15.6,14.7,87,1016.3,SE,15,22,0.0,Mostly clear
Moorabbin Airport,94870,20260315210000,20260316080000,-38.0,145.1,16.8,15.9,14.8,88,1016.3,SE,13,19,0.0,Cloudy
Moorabbin Airport,94870,20260315203000,20260316073000,-38.0,145.1,16.9,15.5,14.5,86,1016.1,SE,15,20,0.0,Cloudy
Moorabbin Airport,94870,20260315200000,20260316070000,-38.0,145.1,16.8,15.7,14.4,86,1015.9,SE,13,17,0.0,Partly cloudy
Moorabbin Airport,94870,20260315193000,20260316063000,-38.0,145.1,16.8,16.8,14.3,85,1016.2,S,7,11,0.0,Cloudy
Moorabbin Airport,94870,20260315190000,20260316060000,-38.0,145.1,16.5,16.7,14.2,86,1015.8,SSE,6,7,0.0,Cloudy
Moorabbin Airport,94870,20260315183000,20260316053000,-38.0,145.1,16.6,17.6,14.2,86,1016.0,SE,2,9,0.0,Partly cloudy
Moorabbin Airport,94870,20260315180000,20260316050000,-38.0,145.1,16.8,18.1,14.1,84,1016.4,CALM,0,0,0.0,Cloudy
Moorabbin Airport,94870,20260315173000,20260316043000,-38.0,145.1,16.7,16.8,14.0,84,1016.7,SW,6,7,0.0,Partly cloudy
Moorabbin Airport,94870,20260315170000,20260316040000,-38.0,145.1,16.6,17.8,13.9,84,1016.8,CALM,0,0,0.0,Partly cloudy
Moorabbin Airport,94870,20260315163000,20260316033000,-38.0,145.1,16.3,16.4,13.8,85,1017.2,E,6,7,0.0,Partly cloudy
Moorabbin Airport,94870,20260315160000,20260316030000,-38.0,145.1,16.5,16.4,14.0,85,1017.6,ESE,7,9,0.0,Cloudy
Moorabbin Airport,94870,20260315153000,20260316023000,-38.0,145.1,16.4,16.5,13.9,85,1018.3,SE,6,9,0.0,-
Moorabbin Airport,94870,20260315150000,20260316020000,-38.0,145.1,16.8,18.0,13.9,83,1018.5,CALM,0,6,0.0,-
Moorabbin Airport,94870,20260315143000,20260316013000,-38.0,145.1,17.0,16.9,13.9,82,1019.0,E,7,11,0.0,-
Moorabbin Airport,94870,20260315140000,20260316010000,-38.0,145.1,17.2,16.9,14.3,83,1019.0,SSE,9,13,0.0,-
Moorabbin Airport,94870,20260315133000,20260316003000,-38.0,145.1,17.4,17.3,13.9,80,1019.4,SSW,7,11,0.0,-
Moorabbin Airport,94870,20260315130000,20260316000000,-38.0,145.1,17.1,18.3,13.8,81,1019.5,CALM,0,0,0.0,Cloudy
Moorabbin Airport,94870,20260315123000,20260315233000,-38.0,145.1,17.4,16.9,13.9,80,1019.4,SE,9,11,0.0,-
Moorabbin Airport,94870,20260315120000,20260315230000,-38.0,145.1,17.5,16.7,14.0,80,1019.7,S,11,13,0.0,-
Moorabbin Airport,94870,20260315113000,20260315223000,-38.0,145.1,17.7,16.4,13.8,78,1020.1,SSE,13,19,0.0,-
Moorabbin Airport,94870,20260315110000,20260315220000,-38.0,145.1,17.7,15.7,14.0,79,1019.8,ESE,17,24,0.0,-
Moorabbin Airport,94870,20260315103000,20260315213000,-38.0,145.1,18.2,16.7,14.1,77,1020.0,SSE,15,20,0.0,-
Moorabbin Airport,94870,20260315100000,20260315210000,-38.0,145.1,18.8,16.8,13.9,73,1019.7,SSE,17,20,0.0,Cloudy
Moorabbin Airport,94870,20260315093000,20260315203000,-38.0,145.1,19.4,17.8,13.8,70,1019.5,SSE,15,20,0.0,Mostly clear
Moorabbin Airport,94870,20290101120000,20290101230000,-38.0,145.1,20.5,18.6,14.2,67,1018.8,SE,17,20,0.0,-
Moorabbin Airport,94870,20260315083000,20260315193000,-38.0,145.1,22.3,21.2,14.2,60,1018.7,SSE,13,17,0.0,Mostly clear
Moorabbin Airport,94870,20260315080000,20260315190000,-38.0,145.1,23.4,23.1,14.4,57,1018.4,SSE,9,15,0.0,Mostly clear
Moorabbin Airport,94870,20260315073000,20260315183000,-38.0,145.1,22.8,23.2,16.4,67,1018.3,SW,9,13,0.0,Mostly clear
Moorabbin Airport,94870,20260315070000,20260315180000,-38.0,145.1,22.7,22.5,15.8,65,1017.9,SSW,11,17,0.0,Cloudy
Moorabbin Airport,94870,20260315063000,20260315173000,-38.0,145.1,24.1,23.4,14.2,54,1017.4,SSW,11,15,0.0,-
Moorabbin Airport,94870,20260315060000,20260315170000,-38.0,145.1,23.6,22.0,14.0,55,1017.7,SW,15,19,0.0,-
Moorabbin Airport,94870,20260315053000,20260315163000,-38.0,145.1,25.5,23.4,12.4,44,1017.8,SW,15,19,0.0,-
Moorabbin Airport,94870,20260315050000,20260315160000,-38.0,145.1,25.6,23.5,12.4,43,1018.0,SSW,15,19,0.0,-
Moorabbin Airport,94870,20260315043000,20260315153000,-38.0,145.1,25.5,24.3,14.0,49,1018.6,SSW,13,15,0.0,-
Moorabbin Airport,94870,20260315040000,20260315150000,-38.0,145.1,24.0,23.0,13.5,51,1019.2,SSW,11,15,0.0,Partly cloudy
Moorabbin Airport,94870,20260315033000,20260315143000,-38.0,145.1,23.5,22.4,14.2,56,1019.6,SSW,13,15,0.0,-
Moorabbin Airport,94870,20290101120000,20290101230000,-38.0,145.1,24.0,23.1,13.8,53,1020.1,SSW,11,15,0.0,-
Moorabbin Airport,94870,20260315023000,20260315133000,-38.0,145.1,22.9,21.9,14.5,59,1020.5,SW,13,17,0.0,-
Moorabbin Airport,94870,20260315020000,20260315130000,-38.0,145.1,22.7,21.3,14.5,60,1021.2,SW,15,19,0.0,-
Moorabbin Airport,94870,20260315013000,20260315123000,-38.0,145.1,22.5,21.4,14.4,60,1021.4,SSW,13,17,0.0,-
Moorabbin Airport,94870,20260315010000,20260315120000,-38.0,145.1,22.4,21.6,14.0,59,1021.9,SSW,11,17,0.0,Mostly cloudy
Moorabbin Airport,94870,20260315003000,20260315113000,-38.0,145.1,22.4,22.3,13.2,56,1022.0,SE,6,9,0.0,-
Moorabbin Airport,94870,20260315000000,20260315110000,-38.0,145.1,20.5,20.0,12.2,59,1022.5,NE,6,11,0.0,-
Moorabbin Airport,94870,20260314233000,20260315103000,-38.0,145.1,19.5,20.4,13.0,66,1022.7,CALM,0,4,0.0,-
Moorabbin Airport,94870,20260314230000,20260315100000,-38.0,145.1,18.7,19.3,13.1,70,1022.8,NE,2,9,0.0,-
Moorabbin Airport,94870,20260314223000,20260315093000,-38.0,145.1,17.2,17.8,13.1,77,1023.1,NW,2,7,0.0,-
Moorabbin Airport,94870,20260314220000,20260315090000,-38.0,145.1,15.2,14.6,12.3,83,1022.9,N,7,9,0.0,Partly cloudy
Moorabbin Airport,94870,20260314213000,20260315083000,-38.0,145.1,14.0,12.6,12.2,89,1022.7,N,11,13,0.0,-
Moorabbin Airport,94870,20260314210000,20260315080000,-38.0,145.1,12.0,10.9,10.6,91,1022.8,N,7,9,0.0,-
Moorabbin Airport,94870,20260314203000,20260315073000,-38.0,145.1,12.7,11.5,11.6,93,1022.8,N,9,11,0.0,-
Moorabbin Airport,94870,20260314200000,20260315070000,-38.0,145.1,11.1,9.4,10.0,93,1022.6,N,9,9,0.0,-
Moorabbin Airport,94870,20260314193000,20260315063000,-38.0,145.1,10.7,9.4,9.8,94,1022.5,N,7,7,0.0,-
Moorabbin Airport,94870,20260314190000,20260315060000,-38.0,145.1,11.0,11.1,10.1,94,1022.2,CALM,0,0,0.0,-
Moorabbin Airport,94870,20260314183000,20260315053000,-38.0,145.1,10.9,10.9,9.8,93,1022.3,CALM,0,0,0.0,-
Moorabbin Airport,94870,20260314180000,20260315050000,-38.0,145.1,10.7,10.7,9.8,94,1022.3,CALM,0,0,0.0,-
Moorabbin Airport,94870,20260314173000,20260315043000,-38.0,145.1,11.6,10.7,10.5,93,1022.3,N,6,7,0.0,-
Moorabbin Airport,94870,20260314170000,20260315040000,-38.0,145.1,11.7,11.9,10.4,92,1022.4,CALM,0,0,0.0,-
Moorabbin Airport,94870,20260314163000,20260315033000,-38.0,145.1,11.3,11.2,9.4,88,1022.7,CALM,0,0,0.0,-
Moorabbin Airport,94870,20260314160000,20260315030000,-38.0,145.1,12.1,12.2,10.2,88,1022.8,CALM,0,0,0.0,-
Moorabbin Airport,94870,20260314153000,20260315023000,-38.0,145.1,12.1,10.1,10.3,89,1023.2,NNE,11,11,0.0,-
Moorabbin Airport,94870,20260314150000,20260315020000,-38.0,145.1,12.4,12.2,10.5,88,1023.8,NE,2,9,0.0,-
Moorabbin Airport,94870,20260314143000,20260315013000,-38.0,145.1,12.8,12.9,10.2,84,1024.3,CALM,0,0,0.0,-
Moorabbin Airport,94870,20260314140000,20260315010000,-38.0,145.1,13.7,12.7,10.9,83,1024.7,SW,7,9,0.0,-
Moorabbin Airport,94870,20260314133000,20260315003000,-38.0,145.1,13.9,14.2,10.9,82,1024.7,CALM,0,0,0.0,-
Moorabbin Airport,94870,20260314130000,20260315000000,-38.0,145.1,13.7,12.6,10.7,82,1024.5,SSE,7,9,0.0,-
Moorabbin Airport,94870,20260314123000,20260314233000,-38.0,145.1,14.6,13.3,11.2,80,1024.7,S,9,9,0.0,-
Moorabbin Airport,94870,20260314120000,20260314230000,-38.0,145.1,14.3,12.9,10.9,80,1024.8,SSE,9,11,0.0,-
Moorabbin Airport,94870,20260314113000,20260314223000,-38.0,145.1,15.5,14.2,11.3,76,1025.3,SSW,9,13,0.0,-
Moorabbin Airport,94870,20260314110000,20260314220000,-38.0,145.1,15.7,14.4,11.3,75,1025.4,SSW,9,13,0.0,-
Moorabbin Airport,94870,20260314103000,20260314213000,-38.0,145.1,15.9,13.8,11.3,74,1025.1,S,13,17,0.0,-
Moorabbin Airport,94870,20260314100000,20260314210000,-38.0,145.1,16.5,14.0,11.2,71,1024.9,SE,15,19,0.0,-
Moorabbin Airport,94870,20260314093000,20260314203000,-38.0,145.1,16.9,14.1,11.2,69,1024.9,SE,17,24,0.0,-
Moorabbin Airport,94870,20260314090000,20260314200000,-38.0,145.1,17.2,14.3,11.0,67,1024.9,SE,17,24,0.0,-
Moorabbin Airport,94870,20260314083000,20260314193000,-38.0,145.1,17.8,14.9,11.1,65,1025.0,SE,17,22,0.0,-
Moorabbin Airport,94870,20260314080000,20260314190000,-38.0,145.1,18.9,14.7,11.0,-10,1024.7,SSE,24,30,0.0,-
Moorabbin Airport,94870,20260314073000,20260314183000,-38.0,145.1,19.9,16.1,11.1,57,1024.7,SSE,22,30,0.0,-
